1	ATL	Atlanta	Flashers	34	6	24	4	16	93	178	115	16	199	119	37	172	312	2	6	8	3	0	16	1	4	11	1	0	0	5	0	0	1	20	2	0	4	2	3	938	1491	900	1214	625	839	2996	922	5	0	2019-20	Regular
2	AUG	Augusta	Grn. Jackets	34	19	12	3	41	135	108	111	21	182	117	12	197	320	5	7	7	3	12	5	0	11	3	2	2	0	15	2	2	1	7	0	3	3	1	4	1204	1254	1003	1015	740	697	3883	974	3	1	2019-20	Regular
3	CHY	Cheyenne	Desperado	34	14	15	5	33	145	127	125	25	200	113	23	161	312	3	9	6	2	5	9	3	6	7	3	1	2	13	2	2	1	9	2	0	4	1	2	1318	1139	1122	1058	794	697	3831	1005	1	1	2019-20	Regular
4	CIN	Cincinnati	Cyclones	34	16	15	3	35	134	114	102	24	161	114	27	181	312	5	9	7	1	7	8	2	7	7	2	0	1	13	2	0	1	11	1	2	2	2	3	1216	1176	990	1050	768	796	3803	925	6	0	2019-20	Regular
5	GRE	Green Bay	Glory	35	13	19	3	29	105	128	127	15	215	131	28	206	381	1	6	9	3	7	10	0	4	10	2	0	1	9	0	2	1	14	1	3	5	0	5	1074	1192	1053	1063	807	810	3518	1067	4	1	2019-20	Regular
6	IND	Indianapolis	Goats	35	21	9	5	47	158	105	125	32	194	97	19	157	325	5	13	3	2	8	6	3	10	4	2	1	0	17	1	1	0	6	2	4	2	2	4	1459	1035	1282	1210	765	760	3854	971	0	2	2019-20	Regular
7	KEL	Kelowna	Mountaineers	35	14	18	3	31	111	124	120	17	192	136	24	231	378	1	9	7	1	5	11	2	4	11	1	2	2	10	1	0	1	12	1	3	5	2	4	1213	1361	1045	1151	622	690	3289	799	5	1	2019-20	Regular
8	LSB	Lone Star	Brahmas	34	14	18	2	30	118	126	127	25	201	107	22	171	308	5	10	7	0	4	11	2	6	9	1	1	2	8	3	1	1	13	0	5	2	1	3	1342	1209	876	1035	815	760	3685	1005	2	0	2019-20	Regular
9	MEM	Memphis	Hound Dogs	34	18	13	3	39	115	106	111	16	170	144	17	248	341	5	10	6	1	8	7	2	10	4	2	0	2	12	1	1	2	8	1	4	4	1	6	1145	1248	1091	992	719	704	3530	965	1	1	2019-20	Regular
10	MIL	Milwaukee	Ice Dragons	35	24	9	2	50	141	94	127	31	190	115	20	182	293	3	12	5	1	12	4	1	12	2	2	0	0	19	0	0	2	7	2	3	2	0	11	1524	1064	1292	923	774	673	4006	965	1	3	2019-20	Regular
11	MSG	Mississauga	North Stars	34	9	24	1	19	104	179	108	22	170	145	39	219	399	7	5	11	1	4	13	0	3	13	0	1	1	5	0	0	0	23	1	4	1	0	4	1261	1020	766	1133	772	763	3706	1036	1	0	2019-20	Regular
12	OAK	Oakland	Assassins	35	22	8	5	49	133	92	149	27	240	122	21	199	316	1	13	3	1	9	5	4	9	4	3	2	0	20	1	1	1	5	0	1	2	4	5	1356	1134	1217	1061	789	787	4008	959	3	2	2019-20	Regular
13	OKL	Oklahoma	Oil Barons	34	12	17	5	29	92	116	129	20	214	104	19	165	292	0	8	7	2	4	10	3	8	6	2	2	0	8	1	4	3	11	0	1	5	1	2	1147	1274	874	1211	704	755	3475	969	2	1	2019-20	Regular
14	PEO	Peoria	Prowlers	35	19	13	3	41	132	99	102	24	153	112	14	187	322	3	11	7	0	8	6	3	7	7	2	0	0	15	1	0	0	10	1	4	2	2	3	1384	1255	1046	1057	763	751	3974	909	1	0	2019-20	Regular
15	SFC	San Fran.	Fight. Cocks	34	12	20	2	26	107	131	124	20	201	127	27	203	351	5	9	6	2	3	14	0	7	7	2	1	0	5	1	0	0	16	0	7	3	2	3	1172	1158	1113	920	753	756	3825	1029	2	0	2019-20	Regular
16	SEA	Seattle	Storm	35	23	10	2	48	130	99	119	24	188	146	31	226	421	4	13	3	1	10	7	1	10	5	1	1	0	19	0	1	1	9	0	3	1	1	8	1115	1126	991	1176	808	760	3641	914	2	4	2019-20	Regular
17	SCS	S. Carolina	Stingrays	34	15	16	3	33	125	129	120	32	183	130	21	210	340	2	9	5	3	6	11	0	6	9	1	1	1	8	1	1	2	13	0	5	2	2	3	982	1107	1228	954	752	792	3268	943	2	0	2019-20	Regular
18	STA	Staten Isl.	Killer Bees	34	20	11	3	43	148	108	136	30	212	105	23	170	272	7	11	6	0	9	5	3	8	6	2	0	1	16	1	1	1	9	1	3	1	1	7	1323	1004	1242	880	804	698	3862	965	0	1	2019-20	Regular
19	VIC	Victoria	Vipers	35	13	21	1	27	105	135	125	29	204	113	22	184	346	4	7	9	1	6	12	0	6	9	1	0	0	9	0	0	0	18	0	4	3	1	3	1031	1381	1043	1070	687	816	3085	909	5	2	2019-20	Regular
20	WIT	Wichita	Wolfpack	34	10	22	2	22	99	132	105	13	181	110	23	181	296	2	5	10	2	5	12	0	5	9	2	0	2	9	1	0	0	14	2	1	7	0	2	1229	1207	1061	1055	807	799	3391	918	4	0	2019-20	Regular
22	AUG	Augusta	Grn. Jackets	4	0	4	0	0	11	21	19	3	29	13	4	14	32	0	0	2	0	0	2	0	0	0	0	0	0	0	1	0	0	3	0	0	0	0	0	128	182	120	170	82	94	396	118	0	0	2018-19	Playoffs
23	WIT	Wichita	Wolfpack	24	13	11	0	26	80	62	91	6	160	78	10	134	241	3	5	6	0	8	5	0	0	0	0	2	3	10	0	0	1	7	0	2	4	0	3	835	859	773	676	564	548	2452	638	0	2	2018-19	Playoffs
24	CHY	Cheyenne	Desperado	9	4	5	0	8	31	26	26	6	43	29	7	43	71	0	3	2	0	1	3	0	0	0	0	0	0	4	0	0	0	4	0	0	1	0	3	349	303	262	281	204	189	964	226	0	2	2018-19	Playoffs
25	CIN	Cincinnati	Cyclones	16	10	6	0	20	68	41	62	10	98	53	11	77	136	1	5	3	0	5	3	0	0	0	0	0	1	9	0	0	1	4	0	0	2	0	9	590	591	490	477	360	363	1652	453	0	2	2018-19	Playoffs
26	GRE	Green Bay	Glory	5	1	4	0	2	14	23	10	1	18	21	4	35	49	2	1	1	0	0	3	0	1	4	0	1	0	0	0	0	1	4	0	0	0	0	1	107	232	123	181	125	123	472	154	1	0	2018-19	Playoffs
27	IND	Indianapolis	Goats	9	5	4	0	10	31	32	33	8	40	41	5	64	107	1	2	3	0	3	1	0	0	0	0	0	0	4	1	0	1	3	0	0	0	0	4	395	301	329	256	194	182	1007	271	0	0	2018-19	Playoffs
28	KEL	Kelowna	Mountaineers	5	1	4	0	2	12	26	13	1	20	18	6	28	38	0	1	1	0	0	3	0	0	0	0	0	0	0	0	0	0	4	0	1	0	0	1	152	229	157	156	101	114	465	156	0	0	2018-19	Playoffs
30	LOU	Louisiana	Voodoo	6	2	4	0	4	19	23	16	0	30	28	5	45	87	1	1	2	0	1	2	0	0	0	0	1	2	2	0	0	0	2	0	0	2	0	1	166	273	164	188	110	143	605	164	0	0	2018-19	Playoffs
32	MIL	Milwaukee	Ice Dragons	12	7	5	0	14	45	38	45	9	73	40	7	71	107	3	5	2	0	2	3	0	7	5	0	0	1	7	1	0	0	3	0	0	1	0	3	484	340	405	303	277	265	1388	337	0	2	2018-19	Playoffs
33	OAK	Oakland	Assassins	6	2	4	0	4	14	21	24	4	42	18	1	28	51	0	2	1	0	0	3	0	0	0	0	1	1	1	0	0	0	3	0	1	1	0	1	210	192	161	193	146	159	612	178	0	0	2018-19	Playoffs
34	OKL	Oklahoma	Oil Barons	4	0	4	0	0	6	16	16	0	29	16	3	27	35	0	0	2	0	0	2	0	0	0	0	0	1	0	0	0	0	4	0	0	0	0	0	107	174	80	155	96	100	391	120	0	0	2018-19	Playoffs
35	PEO	Peoria	Prowlers	5	1	4	0	2	13	30	22	4	35	22	5	33	58	1	0	2	0	1	2	0	0	0	0	1	0	0	0	0	0	4	0	1	0	0	1	170	226	156	184	101	124	515	146	0	0	2018-19	Playoffs
36	SFC	San Fran.	Fight. Cocks	5	1	4	0	2	5	23	17	1	25	26	4	37	58	0	1	1	0	0	3	0	1	4	0	0	1	1	0	0	0	3	0	0	1	0	1	115	208	117	178	110	117	417	151	0	0	2018-19	Playoffs
37	SEA	Seattle	Storm	15	10	5	0	20	47	31	60	11	93	50	4	89	141	0	6	2	0	4	3	0	4	1	0	1	1	8	0	0	0	4	0	2	1	0	5	570	435	469	434	341	327	1601	405	1	5	2018-19	Playoffs
39	STA	Staten Is.	Killer Bees	24	16	8	0	32	80	68	91	16	151	81	9	136	228	7	9	3	0	7	5	0	4	3	0	4	1	10	0	0	0	8	0	6	0	0	3	922	781	673	711	553	527	2673	698	0	1	2018-19	Playoffs
40	VIC	Victoria	Vipers	11	7	4	0	14	39	34	30	6	49	41	1	74	106	2	2	4	0	5	0	0	0	0	0	1	0	7	1	0	0	3	0	0	0	0	7	405	375	360	296	251	254	1161	292	2	0	2018-19	Playoffs
41	ATL	Atlanta	Flashers	82	18	59	5	41	193	370	258	39	420	309	70	473	890	6	10	29	2	8	30	3	7	24	1	3	2	12	4	2	3	44	3	3	11	0	6	2218	2301	1790	2222	1563	1809	6474	2018	2	0	2018-19	Regular
42	AUG	Augusta	Grn. Jackets	82	27	49	6	60	245	299	268	32	453	320	43	532	923	12	15	24	2	12	25	4	13	16	3	2	5	18	3	1	4	36	2	5	10	3	3	2754	2838	2718	2490	1835	1799	8024	2300	4	1	2018-19	Regular
43	WIT	Wichita	Wolfpack	82	29	45	8	66	254	333	290	39	489	260	50	410	790	10	20	16	5	9	29	3	14	16	2	3	2	18	2	3	6	40	3	5	3	2	4	3026	3033	2843	2416	1945	1985	8845	2379	7	5	2018-19	Regular
44	CHY	Cheyenne	Desperado	82	48	30	4	100	350	297	280	55	447	282	46	454	880	13	27	12	2	21	18	2	24	7	1	5	2	37	3	1	2	24	1	9	3	2	12	3209	2784	2551	2721	1978	1745	8915	2321	5	2	2018-19	Regular
45	CIN	Cincinnati	Cyclones	82	56	21	5	117	343	213	270	41	440	267	42	434	775	9	29	9	3	27	12	2	27	4	1	3	3	46	2	1	2	13	1	8	6	3	9	3223	2552	2478	2378	1978	1797	8646	2332	1	4	2018-19	Regular
46	GRE	Green Bay	Glory	82	20	52	10	50	200	319	241	35	405	300	64	501	867	5	12	26	3	8	26	7	6	25	1	1	3	10	1	3	3	44	2	7	7	5	3	2221	3021	2200	2512	1799	1862	7157	2112	4	4	2018-19	Regular
47	IND	Indianapolis	Goats	82	57	21	4	118	372	235	295	65	471	261	39	427	694	8	30	10	1	27	11	3	17	11	4	5	3	43	2	3	2	13	0	12	6	1	11	3753	2664	2597	1970	2072	1936	10161	2381	3	3	2018-19	Regular
48	KEL	Kelowna	Mountaineers	82	33	38	11	77	251	274	256	41	421	254	46	428	698	7	20	17	4	13	21	7	7	19	6	7	4	23	1	5	2	29	4	8	8	2	4	2772	3073	2272	2535	1703	1866	7616	2110	2	2	2018-19	Regular
49	LSB	Lone Star	Brahmas	82	23	53	6	52	244	323	280	42	456	279	49	462	768	6	14	25	2	9	28	4	11	18	3	1	3	18	6	3	1	40	3	4	7	0	3	2556	3146	2330	2692	1734	1763	7711	2228	13	2	2018-19	Regular
50	LOU	Louisiana	Voodoo	82	42	32	8	92	341	300	291	61	470	249	51	388	705	6	23	15	3	19	17	5	19	10	3	1	4	30	5	4	4	21	3	8	6	1	6	3244	2838	2459	2624	1884	1881	9210	2428	7	2	2018-19	Regular
51	MEM	Memphis	Hound Dogs	82	19	56	7	45	202	327	305	41	516	300	52	490	812	6	14	24	3	5	32	4	12	18	2	0	3	15	7	4	2	39	3	2	10	0	2	2275	3216	2255	2768	1801	1943	7708	2231	13	3	2018-19	Regular
52	MIL	Milwaukee	Ice Dragons	82	63	13	6	132	397	207	280	71	434	265	39	431	749	6	33	3	5	30	10	1	21	6	5	1	2	55	1	1	3	9	2	5	3	3	10	3423	2615	2789	2070	1904	1764	9593	2326	3	6	2018-19	Regular
53	OAK	Oakland	Assassins	82	50	28	4	104	306	238	266	48	435	274	46	456	767	3	28	11	2	22	17	2	15	15	2	2	2	42	1	1	2	19	2	6	8	1	7	3007	2816	2574	2418	1869	1917	8573	2243	8	7	2018-19	Regular
54	OKL	Oklahoma	Oil Barons	82	27	44	11	65	257	320	234	40	372	328	63	519	915	5	14	21	6	13	23	5	13	15	4	5	2	19	4	7	5	33	2	3	7	2	4	2624	3119	2211	2885	1943	1954	8114	2433	4	1	2018-19	Regular
55	PEO	Peoria	Prowlers	82	29	48	5	63	276	358	275	49	449	265	67	415	799	11	14	25	2	15	23	3	7	23	2	3	4	20	2	1	4	38	2	5	8	2	10	3111	3201	2706	2549	1696	1926	8687	2289	12	1	2018-19	Regular
56	SFC	San Fran.	Fight. Cocks	82	42	30	10	94	317	277	297	56	471	276	61	429	775	9	25	10	6	17	20	4	12	15	5	2	1	29	3	2	4	21	5	9	6	3	5	2716	3779	2572	3038	1842	1856	7880	2207	11	7	2018-19	Regular
57	SEA	Seattle	Storm	82	46	31	5	97	286	252	291	53	460	298	40	494	934	9	24	12	5	22	19	0	16	14	2	3	5	35	2	3	3	23	1	8	6	1	6	2522	2650	2456	2378	1903	1752	7884	2182	5	4	2018-19	Regular
58	SCS	S. Carolina	Stingrays	82	20	56	6	46	179	292	264	40	455	247	44	425	766	3	12	25	4	8	31	2	9	21	2	1	2	14	5	1	4	40	2	2	11	3	2	2093	1092	2524	2371	1583	1855	6141	2041	2	0	2018-19	Regular
59	STA	Staten Is.	Killer Bees	82	55	21	6	116	373	238	282	68	448	220	34	346	646	6	32	7	2	23	14	4	21	7	4	2	0	43	3	1	2	16	3	10	2	2	10	3191	2454	2567	2412	1912	1818	8788	2081	0	1	2018-19	Regular
60	VIC	Victoria	Vipers	82	49	26	7	105	316	230	288	53	452	257	39	450	761	7	24	12	5	25	14	2	22	9	1	4	2	34	5	2	4	19	5	11	2	0	5	3384	2723	2893	2182	2059	1858	9124	2382	6	7	2018-19	Regular
61	ABB	Abbotsford	Loggerheads	19	11	8	0	22	66	62	69	9	114	70	11	117	189	2	7	4	0	4	4	0	7	7	0	4	2	6	2	0	1	4	0	4	2	0	4	803	591	638	528	500	449	2254	563	0	1	2017-18	Playoffs
62	CHY	Cheyenne	Desperado	5	1	4	0	2	10	16	23	3	42	17	2	31	58	0	0	3	0	1	1	0	1	4	0	0	0	1	1	0	0	2	0	0	1	0	1	220	153	186	136	122	88	563	156	0	1	2017-18	Playoffs
63	CIN	Cincinnati	Cyclones	5	1	4	0	2	17	21	16	4	25	16	2	27	55	1	1	1	0	0	3	0	1	4	0	0	1	0	0	0	0	3	0	1	1	0	1	174	205	138	156	124	123	575	167	0	0	2017-18	Playoffs
64	GRE	Green Bay	Glory	14	7	7	0	14	47	43	34	7	56	41	10	70	133	1	4	3	0	3	4	0	7	7	0	1	0	4	1	0	2	5	0	1	1	0	3	408	462	422	365	362	346	1518	389	3	1	2017-18	Playoffs
65	IND	Indianapolis	Goats	7	3	4	0	6	21	29	15	3	24	20	4	33	67	0	3	0	0	0	4	0	3	4	0	0	1	2	2	0	0	2	0	1	0	0	2	218	223	175	226	171	178	687	203	1	0	2017-18	Playoffs
66	KEL	Kelowna	Mountaineers	12	7	5	0	14	32	31	49	5	83	52	7	87	157	2	2	3	0	5	2	0	7	5	0	0	2	4	0	0	1	3	0	2	2	0	4	345	542	338	417	252	302	1217	377	0	0	2017-18	Playoffs
67	LSB	Lone Star	Brahmas	11	4	7	0	8	27	30	33	3	52	47	6	81	139	2	2	3	0	2	4	0	4	3	0	2	1	2	1	0	0	4	0	2	2	0	4	274	439	282	393	251	278	1037	314	1	0	2017-18	Playoffs
68	LOU	Louisiana	Voodoo	5	1	4	0	2	8	24	19	1	37	13	4	19	37	1	1	1	0	0	3	0	0	0	0	0	0	1	0	0	0	4	0	0	0	0	1	134	238	127	177	106	141	504	142	0	0	2017-18	Playoffs
70	MIL	Milwaukee	Ice Dragons	17	9	8	0	18	57	43	50	12	82	57	7	99	157	1	4	5	0	5	3	0	5	7	0	0	2	7	1	0	1	5	0	1	2	0	3	629	494	506	471	435	389	1927	496	0	1	2017-18	Playoffs
73	STA	Staten Is.	Killer Bees	19	16	3	0	32	75	46	69	10	111	46	5	77	157	2	8	3	0	8	0	0	4	1	0	3	0	11	0	0	3	2	0	2	1	0	4	744	661	555	563	431	460	2120	479	0	2	2017-18	Playoffs
74	VIC	Victoria	Vipers	21	13	8	0	26	73	63	73	11	125	65	12	103	186	2	8	2	0	5	6	0	8	4	0	2	1	7	1	0	3	6	0	3	1	0	6	799	740	667	599	506	510	2347	620	2	1	2017-18	Playoffs
76	WIT	Wichita	Wolfpack	7	3	4	0	6	20	23	28	4	47	23	2	36	71	1	2	2	0	1	2	0	3	4	0	0	2	2	0	0	0	2	0	1	2	0	3	256	176	238	190	162	153	785	203	0	0	2017-18	Playoffs
77	AUG	Augusta	Grn. Jackets	10	5	5	0	10	38	41	25	4	42	31	6	49	102	0	3	2	0	2	3	0	4	1	0	1	1	4	1	0	0	3	0	1	1	0	5	389	389	306	272	247	238	1142	309	1	0	2017-18	Playoffs
78	SFC	San Fran.	Fight. Cocks	5	1	4	0	2	10	17	17	2	30	17	1	31	51	0	0	2	0	1	2	0	0	0	0	1	1	0	0	0	0	2	0	1	2	0	1	160	205	120	195	128	162	512	128	0	0	2017-18	Playoffs
79	SEA	Seattle	Storm	5	1	4	0	2	15	18	16	5	23	18	3	30	54	0	1	1	0	0	3	0	1	4	0	0	0	1	0	0	0	2	0	0	2	0	1	162	166	137	150	138	115	532	128	0	0	2017-18	Playoffs
80	SCS	S. Carolina	Stingrays	4	0	4	0	0	9	18	11	1	19	14	3	22	36	0	0	2	0	0	2	0	0	0	0	0	0	0	1	0	0	3	0	0	0	0	0	119	146	118	115	93	103	340	117	1	0	2017-18	Playoffs
81	ABB	Abbotsford	Loggerheads	82	47	28	7	101	307	233	278	48	463	271	49	437	799	11	22	16	3	25	12	4	19	9	4	3	2	34	1	1	5	18	4	8	9	2	7	3225	2604	2851	2658	1997	1939	9159	2427	4	5	2017-18	Regular
82	CHY	Cheyenne	Desperado	82	48	24	10	106	313	236	287	52	460	294	45	478	835	11	24	13	4	24	11	6	18	9	5	3	1	35	2	2	3	20	2	10	2	6	6	2989	2560	2887	2026	2020	1943	8914	2395	3	4	2017-18	Regular
83	CIN	Cincinnati	Cyclones	82	43	32	7	93	311	290	260	45	443	243	49	403	721	12	26	12	3	17	20	4	19	10	3	7	2	32	5	3	4	22	2	7	5	2	5	3040	2823	2546	2408	2062	2042	8788	2328	1	1	2017-18	Regular
84	GRE	Green Bay	Glory	82	45	28	9	99	277	219	275	43	457	243	25	413	803	6	24	16	1	21	12	8	18	12	2	5	5	35	4	1	3	17	4	7	7	4	5	2379	2526	2658	2115	2179	1989	9314	2500	4	7	2017-18	Regular
85	IND	Indianapolis	Goats	82	41	36	5	87	308	292	285	40	461	261	34	432	790	4	17	21	3	24	15	2	11	20	1	4	3	27	5	2	7	26	2	7	5	1	7	2770	1850	1798	2010	1709	1752	8066	2015	0	2	2017-18	Regular
86	KEL	Kelowna	Mountaineers	82	31	41	10	72	258	298	271	54	460	285	53	457	911	7	17	16	8	14	25	2	5	22	5	3	5	19	4	6	4	29	3	8	8	1	4	2462	2878	2407	2260	2103	2116	8467	2305	3	3	2017-18	Regular
87	LSB	Lone Star	Brahmas	82	32	40	10	74	219	250	282	39	458	290	56	468	883	10	16	20	5	16	20	5	16	11	5	1	2	23	3	2	2	30	1	7	7	7	4	2232	3844	2083	2447	2012	1984	7910	2293	3	3	2017-18	Regular
88	LOU	Louisiana	Voodoo	82	28	46	8	64	255	308	277	38	446	288	49	470	846	6	17	17	7	11	29	1	15	16	1	4	2	24	0	3	2	39	2	2	7	3	3	2368	3179	2270	2633	1729	1935	7452	2037	9	3	2017-18	Regular
89	MEM	Memphis	Hound Dogs	82	23	50	9	55	227	319	279	40	439	298	50	479	805	4	13	24	4	10	26	5	12	18	2	2	3	15	1	3	4	43	3	4	6	3	4	2383	3044	2104	2503	1806	1984	7791	2177	7	3	2017-18	Regular
90	MIL	Milwaukee	Ice Dragons	82	51	20	11	113	303	209	264	45	441	249	35	431	697	10	26	9	6	25	11	5	20	9	3	3	3	36	3	4	7	13	3	8	4	4	5	3094	2416	2717	2194	2143	1910	9556	2432	3	6	2017-18	Regular
91	OAK	Oakland	Assassins	82	32	44	6	70	290	322	274	45	450	277	49	453	823	7	19	19	3	13	25	3	15	14	3	3	2	29	4	0	1	34	2	2	6	4	7	2450	1927	2234	2486	1784	1922	7814	2101	4	1	2017-18	Regular
92	OKL	Oklahoma	Oil Barons	82	18	61	3	39	198	323	279	36	461	292	50	482	881	8	8	30	3	10	31	0	6	24	2	1	5	13	8	0	0	46	0	5	7	3	2	2574	2971	2341	2669	2034	2024	8396	2662	5	0	2017-18	Regular
93	STA	Staten Is.	Killer Bees	82	50	18	14	114	309	206	266	44	446	242	36	408	747	14	27	7	7	23	11	7	19	8	5	3	1	34	0	4	5	13	3	11	5	7	6	3729	2837	2517	2391	2090	2030	10060	2316	4	4	2017-18	Regular
94	VIC	Victoria	Vipers	82	45	29	8	98	318	266	266	57	430	240	39	406	796	8	22	14	5	23	15	3	17	13	2	4	1	34	3	1	3	20	4	8	6	3	6	3382	3015	3288	2842	2122	2057	9564	2465	5	4	2017-18	Regular
95	PEO	Peoria	Prowlers	82	13	63	6	32	170	357	263	36	436	323	70	506	916	7	8	31	2	5	32	4	6	25	1	3	3	6	2	1	2	56	1	5	5	4	3	2120	1865	2464	2729	1879	2038	7574	2423	4	0	2017-18	Regular
96	WIT	Wichita	Wolfpack	82	48	25	9	105	311	214	285	70	456	235	36	379	721	2	26	9	6	22	16	3	21	10	1	1	7	37	3	0	4	14	4	7	8	5	6	3025	2555	2439	2454	2090	2007	8741	2314	2	4	2017-18	Regular
97	AUG	Augusta	Grn. Jackets	82	44	29	9	97	328	280	237	38	391	280	43	465	844	6	25	14	2	19	15	7	18	11	3	1	2	35	2	4	4	25	2	5	2	3	6	3336	3092	2802	2438	1931	1940	9827	2350	5	2	2017-18	Regular
98	SFC	San Fran.	Fight. Cocks	82	35	37	10	80	249	271	257	40	429	258	41	424	829	8	20	18	3	15	19	7	15	14	3	4	3	27	3	3	1	24	0	7	10	7	5	2588	2706	1933	2672	1929	2084	8482	2400	8	3	2017-18	Regular
99	SEA	Seattle	Storm	82	39	38	5	83	288	282	295	47	480	264	41	430	856	4	23	15	3	16	23	2	11	17	4	2	1	31	5	3	2	27	1	6	6	1	5	2850	2458	2232	2711	2246	2024	9187	2343	6	4	2017-18	Regular
100	SCS	S. Carolina	Stingrays	82	27	51	4	58	262	326	257	44	420	304	58	506	946	11	17	22	2	10	29	2	10	19	3	2	6	23	8	2	3	33	2	1	10	0	3	2580	3145	2597	2453	1938	2104	8367	2368	5	1	2017-18	Regular
101	IND	Indianapolis	Goats	82	61	18	3	125	406	246	278	74	430	254	38	426	691	8	34	5	2	27	13	1	23	8	1	8	2	44	1	1	7	13	1	10	4	1	10	3729	2643	2983	2885	1951	1735	10941	2454	1	6	2016-17	Regular
102	MGA	Mississauga	Indians	82	44	32	6	94	314	271	285	50	447	292	48	478	869	7	25	13	3	19	19	3	16	13	3	3	2	34	4	4	1	18	0	9	10	2	5	3484	2608	2908	3012	2002	2104	10861	2674	6	5	2016-17	Regular
103	GRE	Green Bay	Glory	82	22	52	8	52	183	285	289	44	479	289	56	487	921	5	15	21	5	7	31	3	9	20	3	2	5	17	2	2	1	41	3	4	9	3	2	1975	2791	2755	2809	1855	1807	7408	2312	6	5	2016-17	Regular
104	PEO	Peoria	Prowlers	82	13	65	4	30	160	362	269	28	459	318	68	496	961	4	7	32	2	6	33	2	3	28	1	1	3	10	4	2	1	52	0	2	9	2	3	2285	2958	2176	3080	1775	1986	8513	2627	2	4	2016-17	Regular
105	MIL	Milwaukee	Ice Dragons	82	52	23	7	111	332	220	307	58	480	264	41	428	759	15	32	5	4	20	18	3	24	6	2	5	1	43	2	1	3	17	3	6	4	3	6	3623	2563	2921	2583	1843	1804	9650	2303	1	7	2016-17	Regular
106	CIN	Cincinnati	Cyclones	82	43	29	10	96	289	256	245	54	384	299	52	487	853	6	22	15	4	21	14	6	19	8	5	2	2	35	0	2	3	24	7	5	5	1	5	2669	2900	2002	2202	1756	1862	7938	2174	3	6	2016-17	Regular
107	MEM	Memphis	Hound Dogs	82	25	49	8	58	203	265	276	42	456	301	42	511	852	10	12	24	5	13	25	3	10	20	2	3	5	15	4	2	3	37	2	7	8	4	2	2351	2775	2456	3094	1932	2048	8893	2464	5	8	2016-17	Regular
108	STA	Staten Is.	Killer Bees	82	51	30	1	103	317	235	269	50	433	284	48	448	868	10	29	11	1	22	19	0	21	10	1	3	3	41	3	1	2	23	0	8	4	0	5	2822	3029	2928	2173	1878	1800	8989	2184	8	2	2016-17	Regular
109	SCS	S. Carolina	Stingrays	82	33	40	9	75	230	258	285	38	478	291	48	481	846	10	19	16	6	14	24	3	11	17	4	5	4	20	1	4	7	33	2	6	6	3	8	2635	2639	3425	3020	2102	2088	9444	2656	9	2	2016-17	Regular
110	LOU	Louisiana	Voodoo	82	33	45	4	70	231	274	283	47	464	282	48	462	811	7	16	22	2	17	23	2	12	18	2	3	4	26	3	0	1	35	2	6	7	2	5	2625	2759	1637	2074	1748	1904	8222	2144	2	4	2016-17	Regular
111	SFC	San Fran.	Fight. Cocks	82	31	42	9	71	236	297	275	33	464	288	56	467	780	8	19	21	1	12	21	8	9	19	4	3	2	25	2	3	2	38	3	4	2	3	3	2173	3287	1386	1995	1457	1551	7374	1979	8	4	2016-17	Regular
112	LSB	Lone Star	Brahmas	82	25	49	8	58	224	295	271	37	466	263	61	410	795	4	14	24	3	11	25	5	9	20	3	1	4	21	5	4	1	41	3	3	3	1	4	1949	814	2450	2438	1722	1757	7330	2108	0	0	2016-17	Regular
113	OKL	Oklahoma	Oil Barons	82	43	35	4	90	270	254	321	54	525	296	46	484	790	8	26	13	2	17	22	2	16	14	2	2	2	30	5	0	7	29	0	6	1	4	5	2738	2850	2449	2594	1745	1882	8639	2244	4	4	2016-17	Regular
114	WIT	Wichita	Wolfpack	82	52	22	8	112	303	210	324	68	512	262	36	449	833	11	26	11	4	26	11	4	20	9	3	2	3	43	4	2	3	14	2	6	4	4	7	3039	3994	2853	2167	1892	1798	9505	2368	3	9	2016-17	Regular
115	LVD	Las Vegas	Desperado	82	46	28	8	100	291	231	302	51	509	262	29	462	771	9	23	13	5	23	15	3	17	9	6	5	6	35	4	3	5	16	2	6	8	3	5	3041	2369	3014	2058	1893	1762	9062	2439	2	6	2016-17	Regular
116	KEL	Kelowna	Mountaineers	82	20	51	11	51	229	309	290	38	489	282	48	460	822	7	14	20	7	6	31	4	8	18	6	1	3	16	4	4	2	39	3	2	8	4	2	2449	1814	2217	2673	1883	1818	8230	2334	3	1	2016-17	Regular
117	OAK	Oakland	Assassins	82	49	23	10	108	332	243	276	32	477	280	46	451	866	5	26	11	4	23	12	6	19	7	6	6	1	43	3	2	1	16	4	5	4	4	7	3030	3175	2728	2426	2031	1896	9656	2372	2	8	2016-17	Regular
118	ABB	Abbotsford	Loggerheads	82	32	40	10	74	239	276	284	40	485	294	46	479	900	8	21	14	6	11	26	4	11	17	4	2	2	22	4	4	4	31	1	6	5	5	4	2127	2908	1715	1875	1647	1677	7193	2064	8	3	2016-17	Regular
119	VIC	Victoria	Vipers	82	29	43	10	68	208	242	273	37	477	259	39	461	853	8	15	21	5	14	22	5	11	14	7	2	6	24	4	1	2	33	4	3	6	5	4	2536	2663	2742	2395	1854	1816	8978	2269	8	1	2016-17	Regular
120	SEA	Seattle	Storm	82	43	31	8	94	268	236	260	52	417	307	42	512	881	9	27	12	2	16	19	6	17	10	5	4	3	33	0	2	3	26	2	7	5	4	5	3229	2537	2770	2926	1861	1774	8900	2275	9	6	2016-17	Regular
121	IND	Indianapolis	Goats	20	16	4	0	32	100	57	69	20	101	66	9	105	174	3	9	2	0	7	2	0	8	3	0	3	1	13	1	0	0	2	0	3	1	0	7	936	711	596	630	426	420	2531	530	0	1	2016-17	Playoffs
122	MGA	Mississauga	Indians	10	6	4	0	12	35	35	30	6	50	33	6	58	98	2	3	2	0	3	2	0	2	4	0	0	0	4	0	0	1	2	0	1	2	0	5	388	397	331	282	206	228	1180	280	1	0	2016-17	Playoffs
125	MIL	Milwaukee	Ice Dragons	18	9	9	0	18	68	69	75	15	118	66	20	99	170	2	3	6	0	6	3	0	1	4	0	1	1	6	0	0	2	8	0	1	1	0	2	782	603	611	537	357	341	2037	511	0	1	2016-17	Playoffs
126	CIN	Cincinnati	Cyclones	4	0	4	0	0	6	15	10	1	20	11	5	15	30	0	0	2	0	0	2	0	0	0	0	0	0	0	1	0	0	3	0	0	0	0	0	111	166	112	145	101	88	406	125	1	0	2016-17	Playoffs
127	MEM	Memphis	Hound Dogs	5	1	4	0	2	11	33	11	2	15	15	5	22	49	0	1	1	0	0	3	0	0	0	0	1	0	1	0	0	0	4	0	0	0	0	1	155	252	145	161	98	113	519	161	0	0	2016-17	Playoffs
128	STA	Staten Is.	Killer Bees	12	7	5	0	14	49	39	42	11	67	42	8	68	119	0	4	2	0	3	3	0	4	1	0	0	1	6	1	0	0	4	0	1	0	0	5	358	424	250	216	239	219	1138	260	0	0	2016-17	Playoffs
129	SCS	S. Carolina	Stingrays	5	1	4	0	2	14	25	12	3	18	20	3	33	58	0	1	1	0	0	3	0	1	4	0	1	0	0	0	0	1	3	0	0	1	0	1	136	170	143	166	110	130	496	170	0	0	2016-17	Playoffs
130	LOU	Louisiana	Voodoo	6	2	4	0	4	20	24	24	5	39	24	7	37	61	0	0	3	0	2	1	0	0	0	0	0	1	2	1	0	0	2	0	0	1	0	1	192	277	153	248	108	108	583	142	0	1	2016-17	Playoffs
131	SFC	San Fran.	Fight. Cocks	4	0	4	0	0	6	17	10	1	17	8	1	12	20	0	0	2	0	0	2	0	0	0	0	0	1	0	2	0	0	2	0	0	0	0	0	88	143	85	146	101	127	473	137	0	0	2016-17	Playoffs
133	OKL	Oklahoma	Oil Barons	10	5	5	0	10	34	35	36	4	61	43	7	70	137	0	1	3	0	4	2	0	1	4	0	2	0	2	2	0	1	2	0	2	1	0	4	317	419	273	351	191	223	990	265	1	0	2016-17	Playoffs
134	WIT	Wichita	Wolfpack	19	12	7	0	24	68	52	74	20	114	57	9	95	177	0	7	3	0	5	4	0	4	1	0	0	2	8	0	0	2	6	0	2	1	0	6	693	691	635	488	400	401	2093	500	0	0	2016-17	Playoffs
135	LVD	Las Vegas	Desperado	13	6	7	0	12	37	40	47	9	71	53	8	96	155	1	4	3	0	2	4	0	0	0	0	0	0	4	0	0	1	5	0	1	2	0	2	476	332	463	348	288	270	1360	380	1	1	2016-17	Playoffs
137	OAK	Oakland	Assassins	16	10	6	0	20	59	46	45	7	81	53	12	88	142	0	5	3	0	5	3	0	0	0	0	1	0	6	1	0	2	3	0	2	2	0	5	547	512	489	470	353	333	1759	462	1	2	2016-17	Playoffs
138	ABB	Abbotsford	Loggerheads	7	3	4	0	6	14	21	31	4	56	27	9	38	75	0	3	0	0	0	4	0	0	0	0	0	0	2	0	0	0	4	0	1	0	0	2	158	269	169	254	150	169	684	203	2	1	2016-17	Playoffs
139	VIC	Victoria	Vipers	4	0	4	0	0	5	14	12	1	20	13	2	18	37	0	0	2	0	0	2	0	0	0	0	0	0	0	0	0	0	4	0	0	0	0	0	102	146	103	136	82	85	403	101	0	0	2016-17	Playoffs
140	SEA	Seattle	Storm	5	1	4	0	2	12	16	20	1	36	17	1	30	84	1	0	3	0	1	1	0	0	0	0	0	2	1	1	0	0	1	0	0	2	0	1	208	170	161	162	126	108	548	136	1	0	2016-17	Playoffs
141	ABB	Abbotsford	Loggerheads	5	1	4	0	2	10	25	14	2	26	26	8	38	62	0	1	1	0	0	3	0	0	0	0	0	0	0	0	0	1	4	0	0	0	0	1	160	213	135	198	101	125	526	126	0	0	2015-16	Playoffs
142	CIN	Cincinnati	Cyclones	18	9	9	0	18	53	57	40	6	65	63	9	105	209	5	5	4	0	4	5	0	4	3	0	2	1	6	0	0	2	7	0	1	2	0	5	663	682	564	540	379	382	1901	521	1	1	2015-16	Playoffs
143	GRE	Green Bay	Glory	6	2	4	0	4	8	19	21	0	35	23	5	45	78	0	0	3	0	2	1	0	0	0	0	2	0	1	0	0	0	4	0	1	0	0	1	188	222	181	207	147	140	634	196	2	0	2015-16	Playoffs
144	HAS	Halifax	Schooners	4	0	4	0	0	4	12	7	0	13	17	4	30	78	1	0	2	0	0	2	0	0	4	0	0	0	0	0	0	0	2	0	0	2	0	0	75	173	107	128	91	91	347	120	0	0	2015-16	Playoffs
145	IND	Indianapolis	Goats	11	5	6	0	10	31	30	36	6	69	33	3	50	128	1	1	5	0	4	1	0	0	0	0	0	3	5	0	0	0	5	0	0	1	0	5	422	380	364	355	254	250	1326	333	0	2	2015-16	Playoffs
146	KEL	Kelowna	Mountaineers	5	1	4	0	2	8	18	12	1	24	16	2	30	45	0	1	1	0	0	3	0	0	0	0	0	0	1	0	0	0	3	0	0	1	0	1	149	180	122	190	94	110	502	138	0	0	2015-16	Playoffs
147	LVD	Las Vegas	Desperado	22	16	6	0	32	101	67	69	21	109	73	12	123	231	2	9	3	0	7	3	0	8	3	0	1	0	11	1	0	2	3	0	3	2	0	7	838	757	794	601	491	444	2556	604	1	2	2015-16	Playoffs
148	LSB	Lone Star	Brahmas	9	4	5	0	8	27	26	30	6	51	20	1	37	61	1	3	2	0	1	3	0	0	4	0	0	0	3	2	0	0	2	0	1	1	0	2	318	292	287	255	205	176	945	273	1	2	2015-16	Playoffs
150	LOU	Louisiana	Voodoo	7	3	4	0	6	16	19	25	3	45	21	2	33	64	0	1	2	0	2	2	0	3	4	0	1	0	1	0	0	0	3	0	2	1	0	2	256	245	199	238	143	153	817	220	0	0	2015-16	Playoffs
152	MIL	Milwaukee	Ice Dragons	11	6	5	0	12	42	40	36	7	61	27	5	45	99	1	4	2	0	2	3	0	4	1	0	0	1	5	1	0	0	4	0	1	0	0	3	512	360	361	322	246	215	1407	304	0	1	2015-16	Playoffs
153	MGA	Mississauga	Indians	20	14	6	0	28	80	57	63	10	100	44	8	80	192	3	6	4	0	8	2	0	4	0	0	1	2	11	1	0	0	4	0	3	1	0	9	754	691	625	616	431	448	2355	543	2	3	2015-16	Playoffs
154	OKL	Oklahoma	Oil Barons	6	2	4	0	4	17	25	23	4	33	13	3	18	46	0	0	3	0	2	1	0	2	4	0	0	0	2	0	0	0	4	0	0	0	0	2	221	278	189	198	130	117	701	207	0	0	2015-16	Playoffs
155	OAK	Oakland	Assassins	13	7	6	0	14	43	40	36	4	61	48	6	89	143	2	4	3	0	3	3	0	4	2	0	1	1	5	2	0	1	4	0	1	0	0	2	397	572	421	432	277	309	1299	398	2	1	2015-16	Playoffs
157	SEA	Seattle	Storm	6	2	4	0	4	12	23	25	1	46	15	2	26	49	0	2	1	0	0	3	0	2	4	0	1	0	1	0	0	1	4	0	0	0	0	2	236	185	204	202	152	129	692	189	1	1	2015-16	Playoffs
158	STA	Staten Isl.	Killer Bees	5	1	4	0	2	17	22	16	2	27	15	2	26	44	0	1	1	0	0	3	0	1	4	0	0	0	1	0	0	0	3	0	0	1	0	1	124	259	142	171	102	133	431	129	1	0	2015-16	Playoffs
160	WIT	Wichita	Wolfpack	20	11	9	0	22	76	65	64	12	107	63	13	97	206	1	4	5	0	7	4	0	7	6	0	0	1	9	1	0	1	6	0	1	2	0	3	862	681	623	665	405	435	2304	563	0	1	2015-16	Playoffs
161	ABB	Abbotsford	Loggerheads	82	48	34	0	96	273	245	279	39	447	255	36	411	890	7	27	14	0	21	20	0	19	13	0	8	3	35	3	0	3	25	0	10	6	0	11	3171	3304	2950	2972	2783	2750	9396	2479	6	9	2012-13	Regular
162	ALB	Albuquerque	Chupacabras	82	17	61	4	38	137	249	301	25	523	299	49	499	1056	5	9	29	3	8	32	1	8	23	1	4	9	13	4	0	1	40	2	3	17	2	2	1864	2689	2160	2428	2286	2252	7122	2246	4	1	2012-13	Regular
163	ATC	AtlanticCity	Aces	82	36	44	2	74	243	244	277	46	444	317	48	525	1018	5	17	22	2	19	22	0	11	21	0	6	9	25	5	1	3	28	1	8	11	0	7	2378	2811	2257	2765	2223	2284	8708	2372	4	6	2012-13	Regular
164	CHA	Charlotte	Storm	82	30	51	1	61	228	273	268	34	451	304	50	509	1062	6	18	22	1	12	29	0	11	21	0	5	9	21	7	1	2	37	0	7	7	0	4	1725	2625	2467	2132	1850	1927	6134	1588	3	4	2012-13	Regular
165	GRE	Green Bay	Glory	82	60	18	4	124	284	171	340	51	559	261	29	431	776	4	36	3	2	24	15	2	24	5	3	7	2	49	1	2	4	13	1	7	4	1	11	2693	2174	2590	2234	2687	2467	9125	2131	7	13	2012-13	Regular
166	IND	Indianapolis	Mtn. Goats	82	45	36	1	91	267	262	268	36	444	254	37	432	795	3	23	17	1	22	19	0	19	13	0	8	10	30	3	0	4	27	1	11	6	0	5	2469	2698	1843	2558	2261	2169	7540	2026	7	1	2012-13	Regular
167	KEL	Kelowna	Mountaineers	82	37	44	1	75	219	231	287	36	479	299	45	486	948	6	20	20	1	17	24	0	12	19	1	6	11	28	4	0	2	27	1	7	13	0	6	2222	2024	2301	2265	2280	2262	7186	1932	2	1	2012-13	Regular
168	LVD	Las Vegas	Desperado	82	49	30	3	101	281	235	246	56	397	291	42	499	881	5	27	13	1	22	17	2	18	11	3	8	7	29	6	1	7	21	1	13	3	1	5	3289	2559	2712	2608	2557	2612	10731	2705	2	4	2012-13	Regular
169	LOU	Louisiana	Voodoo	82	41	39	2	84	240	254	217	31	352	302	38	497	937	12	26	15	0	15	24	2	16	15	1	4	2	27	3	0	5	28	1	9	8	1	7	2849	1031	2820	2251	2371	2356	8755	2273	1	1	2012-13	Regular
170	LVL	Louisville	Lionhearts	82	34	47	1	69	250	286	302	46	521	240	39	398	750	6	19	22	0	15	25	1	13	18	1	7	8	25	4	1	4	35	0	5	8	0	3	2954	2612	2887	2823	2730	2492	8964	2482	1	7	2012-13	Regular
171	MEM	Memphis	Hound Dogs	82	35	44	3	73	234	287	295	36	493	300	55	493	893	5	19	21	1	16	23	2	13	18	1	6	7	24	5	1	3	30	1	8	9	1	4	2471	2479	2291	2891	2315	2633	8582	2145	3	2	2012-13	Regular
172	MIL	Milwaukee	Ice Dragons	82	57	25	0	114	348	219	263	44	431	238	26	404	767	10	31	10	0	26	15	0	26	6	0	8	6	43	6	0	9	18	0	5	1	0	20	3476	2215	3217	2696	2436	2223	10078	2549	0	7	2012-13	Regular
173	MGA	Mississauga	Indians	82	53	27	2	108	305	248	265	39	441	277	39	447	824	9	31	10	0	22	17	2	22	10	0	6	3	37	2	1	7	20	0	9	5	1	8	3044	2516	2850	2916	2679	2533	10168	2541	4	2	2012-13	Regular
174	MIS	Mississippi	Mud Bugs	82	55	26	1	111	321	222	275	49	467	239	34	408	809	8	32	9	0	23	17	1	18	14	0	5	4	37	3	1	5	20	0	13	3	0	15	3093	2751	2548	2143	2686	2684	9853	2279	4	5	2012-13	Regular
175	OAK	Oakland	Assassins	82	45	36	1	91	248	240	292	49	466	266	42	442	875	3	23	18	0	22	18	1	19	13	0	10	6	31	6	1	6	23	0	8	7	0	5	2417	3278	2971	2384	2095	2038	8112	2153	8	5	2012-13	Regular
176	OKL	Okl. City	Oil Barons	82	27	55	0	54	216	296	282	35	475	278	39	454	950	9	16	25	0	11	30	0	13	19	0	5	11	20	7	0	1	38	0	6	10	0	3	2343	2731	2599	2920	2170	2218	7471	2317	2	2	2012-13	Regular
177	SFC	San Fran.	Fight. Cocks	82	28	52	2	58	185	259	293	32	527	269	35	455	837	0	14	26	1	14	26	1	12	18	2	9	8	16	0	0	5	41	2	7	11	0	3	1510	3547	1115	1577	1794	1902	5909	1773	5	6	2012-13	Regular
178	SCS	S. Carolina	Stingrays	82	36	45	1	73	235	267	253	35	424	266	36	458	782	7	23	17	1	13	28	0	16	16	0	7	3	20	8	1	5	30	0	11	7	0	3	2469	1839	1660	1851	2255	2442	7838	2258	3	2	2012-13	Regular
179	TOL	Toledo	HoneyBadgers	82	25	57	0	50	231	298	270	30	450	311	50	514	1024	10	15	26	0	10	31	0	6	26	0	5	4	18	3	0	2	40	0	5	14	0	3	2326	3065	1974	1806	2131	2401	7810	1985	12	3	2012-13	Regular
180	WIT	Wichita	Wolfpack	82	47	34	1	95	292	251	266	44	423	273	32	452	865	5	23	17	1	24	17	0	17	14	1	2	4	35	5	0	7	22	0	5	7	1	9	3107	2690	2413	2425	2428	2313	9647	2414	4	5	2012-13	Regular
181	ABB	Abbotsford	Loggerheads	16	10	6	0	20	55	40	45	7	81	45	6	82	127	0	7	2	0	3	4	0	8	2	0	1	1	9	0	0	0	5	0	1	1	0	7	505	436	461	441	502	516	1629	404	0	1	2012-13	Playoffs
183	ATC	AtlanticCity	Aces	4	0	4	0	0	5	16	11	0	22	8	1	14	40	0	0	2	0	0	2	0	0	0	0	0	1	0	0	0	0	3	0	0	1	0	0	101	138	86	132	107	121	429	124	0	0	2012-13	Playoffs
184	CHA	Charlotte	Storm	4	0	4	0	0	3	17	9	0	14	14	0	22	64	0	0	2	0	0	2	0	0	4	0	0	0	0	0	0	0	3	0	0	1	0	0	77	176	123	123	93	128	289	111	0	0	2012-13	Playoffs
185	GRE	Green Bay	Glory	27	16	11	0	32	83	62	93	11	170	67	12	112	197	2	12	3	0	4	8	0	4	3	0	1	2	13	1	0	1	7	0	2	3	0	4	841	748	815	682	953	861	2873	713	1	1	2012-13	Playoffs
186	IND	Indianapolis	Mtn. Goats	11	5	6	0	10	34	38	36	7	59	42	11	69	119	0	3	2	0	2	4	0	5	6	0	2	1	3	0	0	1	5	0	1	1	0	3	401	330	296	373	326	305	1152	349	0	0	2012-13	Playoffs
187	KEL	Kelowna	Mountaineers	6	2	4	0	4	17	23	27	7	43	20	6	29	66	1	1	2	0	1	2	0	2	4	0	1	2	1	1	0	0	2	0	1	1	0	2	185	242	213	162	162	190	610	174	0	1	2012-13	Playoffs
188	LVD	Las Vegas	Desperado	6	2	4	0	4	17	22	29	3	51	14	5	21	46	1	1	2	0	1	2	0	2	4	0	0	2	1	0	0	0	3	0	1	1	0	1	249	153	210	167	161	165	758	188	1	0	2012-13	Playoffs
189	LOU	Louisiana	Voodoo	5	1	4	0	2	10	18	13	3	23	13	4	20	46	0	0	2	0	1	2	0	1	4	0	1	0	0	0	0	0	3	0	1	1	0	1	164	151	144	144	141	138	566	143	1	1	2012-13	Playoffs
190	LVL	Louisville	Lionhearts	7	3	4	0	6	17	25	16	4	28	24	4	42	69	0	2	1	0	1	3	0	0	0	0	0	0	3	0	0	0	4	0	0	0	0	3	199	187	204	197	205	216	682	176	0	0	2012-13	Playoffs
191	MEM	Memphis	Hound Dogs	13	7	6	0	14	39	39	30	9	47	59	6	107	186	1	4	2	0	3	4	0	7	6	0	3	0	3	1	0	1	4	0	3	1	0	2	321	543	331	453	399	432	1279	372	2	0	2012-13	Playoffs
192	MIL	Milwaukee	Ice Dragons	11	7	4	0	14	39	24	42	3	69	25	3	41	101	0	4	2	0	3	2	0	4	0	0	0	1	6	0	0	0	3	0	1	1	0	7	459	317	351	282	277	253	1310	305	0	2	2012-13	Playoffs
193	MGA	Mississauga	Indians	12	7	5	0	14	37	29	34	6	57	44	5	81	124	3	3	3	0	4	2	0	7	5	0	0	3	6	1	0	0	1	0	1	3	0	4	340	409	342	359	329	327	1168	319	0	0	2012-13	Playoffs
194	MIS	Mississippi	Mud Bugs	25	15	10	0	30	71	61	85	9	148	71	6	127	230	2	9	4	0	6	6	0	8	6	0	6	1	9	0	0	2	8	0	4	2	0	5	804	736	740	680	718	736	2771	637	1	2	2012-13	Playoffs
195	OAK	Oakland	Assassins	4	0	4	0	0	8	18	15	3	25	10	2	18	33	0	0	2	0	0	2	0	0	0	0	0	0	0	0	0	0	3	0	0	1	0	0	114	163	118	99	99	113	410	94	2	0	2012-13	Playoffs
198	SCS	S. Carolina	Stingrays	5	1	4	0	2	12	22	14	3	23	16	3	28	43	0	0	2	0	1	2	0	1	4	0	0	1	1	0	0	0	3	0	0	1	0	1	125	180	139	158	154	160	439	138	0	0	2012-13	Playoffs
200	WIT	Wichita	Wolfpack	18	11	7	0	22	57	50	41	7	70	68	8	117	225	2	6	2	0	5	5	0	3	4	0	2	2	8	1	0	0	6	0	3	0	0	6	643	615	447	568	467	445	2013	543	1	1	2012-13	Playoffs
201	BRA	Brandon	Bandits	82	32	47	3	67	235	262	248	31	434	250	40	408	893	9	17	23	1	15	24	2	14	16	2	5	6	24	3	2	2	31	0	6	13	1	4	2077	2765	1823	2293	1890	2110	6382	1888	7	5	2011-12	Regular
202	CHA	Charlotte	Storm	82	42	38	2	86	233	219	267	31	458	282	29	484	994	1	27	13	1	15	25	1	16	14	2	6	5	28	5	0	4	27	1	10	6	1	6	2388	2837	2491	2253	2364	2527	7660	2267	3	7	2011-12	Regular
203	GRE	Green Bay	Glory	82	36	45	1	73	249	256	271	50	449	265	37	456	865	5	17	23	1	19	22	0	14	17	1	5	11	24	7	0	4	22	1	8	16	0	5	2337	2545	2951	2595	2220	2215	7093	1949	4	5	2011-12	Regular
204	HAL	Halifax	Conquerors	82	35	46	1	71	216	249	261	32	441	274	38	457	999	4	22	18	1	13	28	0	13	19	0	7	5	25	3	0	4	26	1	6	17	0	4	2770	2424	1564	2065	2421	2181	7809	2226	8	4	2011-12	Regular
205	IND	Indianapolis	Mtn. Goats	82	51	29	2	104	296	225	251	42	397	266	48	441	979	6	29	11	1	22	18	1	21	10	1	6	6	36	3	0	3	18	0	12	8	2	7	3309	1853	2332	2201	2606	2462	9309	2309	2	5	2011-12	Regular
206	LVD	Las Vegas	Desperado	82	63	17	2	128	329	192	239	40	398	265	35	450	826	6	33	7	1	30	10	1	22	8	2	7	6	42	1	1	10	11	1	11	5	0	11	3367	2561	3099	2608	2599	2765	10302	2370	0	16	2011-12	Regular
207	LOU	Louisiana	Voodoo	82	59	23	0	118	338	233	251	46	398	259	29	449	969	7	32	9	0	27	14	0	21	11	0	8	6	39	3	0	8	17	0	12	3	0	14	3094	3084	2983	2345	2316	2380	9158	2130	0	5	2011-12	Regular
208	LVL	Louisville	Lionhearts	82	25	54	3	53	225	349	268	36	454	259	59	416	865	9	14	27	0	11	27	3	9	22	1	2	5	22	6	3	1	38	0	2	10	0	4	2519	2902	2445	2752	2229	2463	7842	2198	10	5	2011-12	Regular
209	MEM	Memphis	Hound Dogs	82	41	39	2	84	220	240	276	40	466	262	41	428	993	6	23	16	2	18	23	0	14	18	0	7	6	25	4	1	5	28	1	11	7	0	4	2610	2882	2440	2738	2188	2227	7164	2072	5	7	2011-12	Regular
210	MIL	Milwaukee	Ice Dragons	82	48	34	0	96	312	251	278	47	468	237	39	392	820	9	27	14	0	21	20	0	18	14	0	7	3	33	2	0	4	22	0	11	10	0	6	3301	2112	2867	2542	2633	2302	10118	2580	0	1	2011-12	Regular
211	MGA	Mississauga	Indians	82	51	31	0	102	291	233	266	50	440	278	44	452	905	7	26	15	0	25	16	0	20	12	0	8	5	35	4	0	5	18	0	11	9	0	8	3413	2661	3382	3480	3015	2784	10793	2662	5	3	2011-12	Regular
212	MIS	Mississippi	Mudbugs	82	52	28	2	106	311	236	293	60	483	246	37	412	942	7	26	14	1	26	14	1	20	11	1	11	3	34	2	1	4	17	0	14	9	1	6	2732	2602	2735	2031	2647	2523	8792	2311	2	5	2011-12	Regular
213	OAK	Oakland	Assassins	82	30	50	2	62	230	236	280	46	445	290	31	492	957	8	14	27	0	16	23	2	8	23	1	1	10	26	4	1	0	33	1	4	13	0	6	2480	1807	2910	2563	1867	1908	6498	2137	6	2	2011-12	Regular
214	OKL	Okl. City	Oil Barons	82	24	58	0	48	186	295	279	30	468	322	46	559	1120	8	14	27	0	10	31	0	9	23	0	5	9	11	5	0	5	37	0	8	16	0	2	2534	3024	2953	3103	2617	2638	8112	2729	13	1	2011-12	Regular
215	SFC	San Fran.	Fight. Cocks	82	24	58	0	48	188	260	304	34	511	308	41	513	973	3	11	30	0	13	28	0	14	18	0	2	13	15	8	0	0	42	0	9	8	0	3	1470	3792	1387	1582	1954	1947	5569	1677	6	6	2011-12	Regular
216	STS	Seattle	Surge	82	25	55	2	52	190	304	239	19	426	257	56	416	885	5	13	26	2	12	29	0	5	26	1	3	7	19	4	0	0	42	1	6	9	1	4	2409	2549	2124	2308	2386	2498	7653	2458	8	5	2011-12	Regular
217	SCS	S. Carolina	Stingrays	82	58	20	4	120	313	193	257	49	429	240	38	404	879	6	31	9	1	27	11	3	26	5	1	9	4	42	2	2	4	15	0	12	3	2	12	3315	3343	2753	2794	2759	2816	9514	2540	8	14	2011-12	Regular
218	TOL	Toledo	Hny. Badgers	82	32	49	1	65	235	289	269	35	458	264	35	447	966	5	16	24	1	16	25	0	14	18	0	9	9	14	3	1	2	34	0	16	12	0	7	2054	2981	1390	2151	1882	2072	6620	1788	6	1	2011-12	Regular
219	VIC	Victoria	Vipers	82	24	55	3	51	187	300	246	32	414	281	44	485	1021	8	14	26	1	10	29	2	11	20	1	9	5	10	4	1	4	44	2	10	7	0	3	2714	2781	2005	2295	2511	2449	7334	2289	3	1	2011-12	Regular
220	WIT	Wichita	Wolfpack	82	51	27	4	106	260	222	310	46	532	248	34	408	867	2	29	9	3	22	18	1	24	8	0	11	4	35	2	0	6	17	4	10	8	0	6	2875	2486	2949	2664	2453	2348	8836	2396	3	9	2011-12	Regular
221	BRA	Brandon	Bandits	82	32	49	1	65	240	273	293	35	477	304	48	487	1020	3	15	25	1	17	24	0	6	2	0	6	8	20	10	0	6	31	1	6	8	0	5	2738	2645	1771	1918	2384	2401	9056	2461	4	2	2010-11	Regular
222	CHA	Charlotte	Storm	82	38	41	3	79	265	264	341	58	549	291	32	477	916	2	21	19	1	17	22	2	19	15	2	8	12	25	8	2	5	27	1	8	6	0	4	2512	2718	3002	2727	2168	2340	7981	2242	4	6	2010-11	Regular
223	GRE	Green Bay	Glory	82	50	32	0	100	290	240	301	54	455	357	46	570	1213	6	27	14	0	23	18	0	5	9	0	9	7	29	4	0	8	22	0	13	6	0	11	2919	2797	2593	2848	2565	2431	9221	2236	6	7	2010-11	Regular
224	HAL	Halifax	Conquerors	82	59	23	0	118	307	191	263	55	417	264	31	438	791	10	31	10	0	28	13	0	16	11	0	6	5	45	3	0	5	17	0	9	3	0	6	3561	2328	2575	2333	2532	2376	10008	2404	3	11	2010-11	Regular
225	IND	Indianapolis	Mtn. Goats	82	31	49	2	64	228	296	292	42	457	315	43	506	1048	2	14	25	2	17	24	0	9	6	1	2	4	21	2	1	5	42	1	5	5	0	2	2632	2958	1797	2072	2266	2124	8157	2381	4	5	2010-11	Regular
226	LVD	Las Vegas	Desperado	82	46	36	0	92	286	231	285	44	463	302	45	490	816	16	26	15	0	20	21	0	12	23	0	2	4	34	3	0	4	26	0	8	7	0	5	3251	3346	2632	2309	2284	2292	9459	2395	5	9	2010-11	Regular
227	LOU	Louisiana	Voodoo	82	44	38	0	88	271	270	260	35	416	309	42	509	961	3	22	19	0	22	19	0	17	19	0	7	4	26	3	0	7	29	0	11	6	0	10	2484	3065	2511	2553	1943	2084	7964	2116	5	1	2010-11	Regular
228	LVL	Louisville	Lionhearts	82	26	56	0	52	221	344	339	49	553	322	51	497	950	9	13	28	0	13	28	0	18	17	0	3	7	18	10	0	3	41	0	5	5	0	2	2382	2139	2331	2347	2195	2386	8110	2387	6	4	2010-11	Regular
229	MEM	Memphis	Hound Dogs	82	40	39	3	83	279	266	282	47	458	343	66	543	989	9	27	13	1	13	26	2	22	11	2	4	6	32	3	2	3	27	1	5	9	0	10	2481	2724	2361	2309	2244	2105	8588	2416	5	7	2010-11	Regular
230	MIL	Milwaukee	Ice Dragons	82	47	34	1	95	303	248	298	41	475	292	46	476	1043	9	27	14	0	20	20	1	12	15	0	7	10	40	6	0	3	23	1	4	5	0	5	3246	2442	2710	2792	2426	2363	9259	2567	11	0	2010-11	Regular
231	MGA	Mississauga	Indians	82	23	58	1	47	183	316	354	38	584	299	49	469	923	5	10	31	0	13	27	1	2	5	1	5	2	14	4	0	2	41	1	7	13	0	3	2401	2864	2508	2833	2463	2645	8215	2613	10	1	2010-11	Regular
232	MIS	Mississippi	Mud Bugs	82	64	18	0	128	412	237	300	64	487	272	40	446	878	12	34	7	0	30	11	0	28	8	0	6	1	48	2	0	6	11	0	10	5	0	13	3706	2604	2984	2550	2434	2479	11041	2446	2	6	2010-11	Regular
233	OAK	Oakland	Assassins	82	44	38	0	88	272	263	302	46	488	319	49	512	977	8	24	17	0	20	21	0	16	17	0	6	6	35	4	0	4	28	0	5	6	0	5	2789	3339	3322	2534	2078	2134	8365	2398	6	2	2010-11	Regular
234	OKL	Oklahoma	Oil Barons	82	31	51	0	62	259	353	316	39	537	310	59	483	950	18	15	26	0	16	25	0	3	13	0	7	4	21	4	0	6	36	0	4	11	0	2	2626	3052	2951	3343	2485	2488	8347	2844	5	1	2010-11	Regular
235	SFC	San Fran.	Fight. Cocks	82	36	43	3	75	276	281	308	47	499	315	46	515	1009	4	20	20	1	16	23	2	14	18	2	5	8	30	5	1	3	31	1	3	7	1	6	2611	3026	2887	3083	1954	2018	8669	2204	10	0	2010-11	Regular
236	STS	Seattle	Surge	82	35	46	1	71	240	271	290	44	465	303	42	507	931	6	17	23	1	18	23	0	19	14	1	14	9	21	5	0	8	31	0	6	10	1	7	2726	2757	2251	2544	2134	2198	9074	2674	5	4	2010-11	Regular
237	SCS	So. Carolina	Sting Rays	82	20	61	1	41	177	294	321	34	529	263	53	415	864	4	8	32	1	12	29	0	8	27	1	3	8	13	8	0	3	45	1	4	8	0	2	1462	2070	2173	2215	1820	2115	5960	1797	10	3	2010-11	Regular
238	TOL	Toledo	Hny. Badgers	82	57	22	3	117	343	218	314	54	505	268	41	430	753	15	33	7	1	24	15	2	16	11	1	8	2	42	3	2	8	16	1	7	3	0	8	3289	2578	2253	2351	2561	2571	9882	2448	1	5	2010-11	Regular
239	VIC	Victoria	Vipers	82	36	45	1	73	254	306	293	44	491	321	53	545	1181	6	21	19	1	15	26	0	14	18	1	6	5	27	7	1	3	35	0	6	3	0	5	2395	3294	2069	2256	2106	2206	7361	1935	5	5	2010-11	Regular
240	WIT	Wichita	Wolf Pack	82	51	31	0	102	285	229	324	53	501	307	49	491	1024	10	29	12	0	22	19	0	19	16	0	3	5	41	3	0	5	23	0	5	5	0	6	2866	2777	2637	2438	2779	2225	9160	2362	4	6	2010-11	Regular
241	ABB	Abbotsford	Loggerheads	9	4	5	0	8	31	34	28	3	47	27	7	42	64	1	3	2	0	1	3	0	4	1	0	0	1	2	0	0	0	3	0	2	2	0	2	387	291	230	293	206	208	1152	261	2	0	2014-15	Playoffs
242	CIN	Cincinnati	Cyclones	7	3	4	0	6	16	24	26	2	46	24	2	44	98	1	2	1	0	1	3	0	3	4	0	1	0	2	0	0	0	4	0	1	0	0	2	226	275	219	216	157	182	718	198	0	0	2014-15	Playoffs
243	GRE	Green Bay	Glory	5	1	4	0	2	9	15	15	0	21	22	3	33	55	0	1	1	0	0	3	0	0	0	0	1	2	0	0	0	0	2	0	1	2	0	1	104	231	128	155	111	139	421	152	1	0	2014-15	Playoffs
245	IND	Indianapolis	Goats	17	9	8	0	18	52	49	59	11	90	64	10	97	160	3	6	3	0	3	5	0	5	7	0	3	1	5	1	0	0	3	0	4	4	0	3	664	508	496	497	419	394	1989	499	0	2	2014-15	Playoffs
246	KEL	Kelowna	Mountaineers	11	4	7	0	8	23	43	50	3	84	33	7	53	118	0	2	3	0	2	4	0	0	4	0	0	1	2	0	0	0	6	0	2	1	0	2	305	396	274	416	242	308	1023	309	1	1	2014-15	Playoffs
247	LVD	Las Vegas	Desperado	7	3	4	0	6	20	18	19	2	32	35	3	57	111	2	2	2	0	1	2	0	0	0	0	1	0	2	0	0	0	2	0	1	2	0	2	230	207	268	164	202	163	762	212	0	0	2014-15	Playoffs
249	LOU	Louisiana	Voodoo	13	6	7	0	12	43	52	51	12	77	50	7	84	136	1	5	2	0	1	5	0	6	7	0	0	1	5	1	0	0	5	0	1	1	0	3	414	512	368	435	285	338	1366	386	0	0	2014-15	Playoffs
251	MEM	Memphis	Hound Dogs	7	3	4	0	6	25	25	28	3	47	32	8	49	78	0	2	1	0	1	3	0	3	4	0	0	0	2	0	0	0	4	0	1	0	0	2	244	250	206	216	187	169	764	202	1	0	2014-15	Playoffs
252	MIL	Milwaukee	Ice Dragons	17	11	6	0	22	71	58	56	7	91	56	12	83	167	6	6	3	0	5	3	0	7	6	0	1	0	8	0	0	3	4	0	0	2	0	6	718	505	570	462	415	366	2064	481	0	0	2014-15	Playoffs
254	MIS	Mississippi	Mudbugs	22	15	7	0	30	89	46	74	18	117	66	8	118	197	1	9	2	0	6	5	0	8	1	0	0	1	12	1	0	1	4	0	2	2	0	7	772	719	685	602	554	484	2448	616	0	1	2014-15	Playoffs
255	OAK	Oakland	Assassins	22	16	6	0	32	81	65	72	15	122	68	7	115	226	0	9	2	0	7	4	0	4	3	0	1	0	9	2	0	3	3	0	4	1	0	8	792	720	668	622	504	536	2396	597	6	1	2014-15	Playoffs
256	OKL	Oklahoma	Oil Barons	6	2	4	0	4	15	26	18	4	31	24	5	41	79	0	0	3	0	2	1	0	0	0	0	0	0	1	0	0	1	4	0	0	0	0	1	189	227	161	173	144	151	566	175	0	0	2014-15	Playoffs
257	SFC	S.F.	Fight. Cocks	4	0	4	0	0	10	17	16	2	23	15	3	21	47	0	0	2	0	0	2	0	0	0	0	0	0	0	0	0	0	4	0	0	0	0	0	120	182	110	127	85	92	400	94	0	0	2014-15	Playoffs
258	SEA	Seattle	Storm	4	0	4	0	0	9	17	17	1	30	25	5	43	82	1	0	2	0	0	2	0	0	0	0	0	1	0	3	0	0	1	0	0	0	0	0	90	179	115	146	102	107	374	116	0	0	2014-15	Playoffs
259	SCS	S. Carolina	Stingrays	5	1	4	0	2	14	22	19	4	29	14	2	22	34	0	1	1	0	0	3	0	1	4	0	1	0	1	0	0	0	2	0	0	2	0	1	146	239	170	133	117	124	493	160	3	0	2014-15	Playoffs
260	WIT	Wichita	Wolfpack	14	7	7	0	14	44	41	55	8	92	48	7	77	132	3	4	3	0	3	4	0	7	7	0	0	1	5	0	0	0	5	0	2	2	0	3	515	474	417	428	342	323	1514	429	0	1	2014-15	Playoffs
261	ABB	Abbotsford	Loggerheads	82	59	21	2	120	313	214	280	40	469	286	30	510	801	9	32	9	0	27	12	2	25	6	0	8	2	42	3	0	5	14	1	12	4	1	10	3434	2592	2843	2862	2533	2391	10836	2456	2	5	2014-15	Regular
262	CIN	Cincinnati	Cyclones	82	37	41	4	78	229	249	270	42	439	339	35	572	979	8	19	19	2	18	22	2	13	16	2	4	5	25	5	1	2	28	1	10	8	2	5	2879	2832	2570	2376	2216	2119	8614	2292	8	7	2014-15	Regular
263	GRE	Green Bay	Glory	82	32	48	2	66	231	272	302	40	500	282	41	437	846	9	18	22	1	14	26	1	14	16	1	3	5	22	5	2	3	33	0	7	10	0	4	2434	2743	2229	2585	2130	2165	7826	2343	10	6	2014-15	Regular
264	HAS	Halifax	Schooners	82	29	50	3	61	200	290	284	32	480	302	47	502	1005	4	12	27	2	17	23	1	7	23	1	5	2	21	4	1	3	36	1	5	10	1	3	2191	2982	2024	2353	1965	2170	7313	2128	8	2	2014-15	Regular
265	IND	Indianapolis	Goats	82	49	27	6	104	317	228	283	50	470	255	28	430	751	10	28	12	1	21	15	5	18	11	3	3	5	38	4	4	2	14	0	9	9	2	10	3415	2077	2967	2681	2487	2273	10231	2567	1	5	2014-15	Regular
266	KEL	Kelowna	Mountaineers	82	30	45	7	67	209	268	287	35	483	286	47	459	837	6	14	23	4	16	22	3	8	20	4	4	6	22	4	0	3	33	3	5	8	4	5	2575	2839	1887	2171	2065	2158	7758	2191	6	5	2014-15	Regular
267	LVD	Las Vegas	Desperado	82	44	30	8	96	274	236	256	42	413	312	56	503	990	6	21	16	4	23	14	4	24	5	3	9	3	32	0	2	2	23	4	10	7	2	7	2713	2487	3090	2305	2450	2273	8451	2508	6	6	2014-15	Regular
268	LSB	Lone Star	Brahmas	82	24	53	5	53	210	287	299	36	498	296	54	457	823	4	11	27	3	13	26	2	11	18	3	0	3	20	3	1	2	41	3	2	9	1	3	2584	2734	2287	2647	2019	2065	8481	2330	2	4	2014-15	Regular
269	LOU	Louisiana	Voodoo	82	43	35	4	90	267	261	309	49	506	320	44	509	850	8	27	11	2	16	24	2	13	17	1	3	3	29	0	2	5	27	0	9	8	2	8	2714	2846	2300	2724	1947	2230	8860	2316	4	2	2014-15	Regular
270	LVL	Louisville	Lionhearts	82	27	53	2	56	182	257	327	31	561	263	37	431	736	6	18	21	2	9	32	0	9	22	1	2	6	18	3	1	4	39	1	5	11	0	7	1741	2458	2208	2089	1915	1890	6628	2030	5	4	2014-15	Regular
271	MEM	Memphis	Hound Dogs	82	37	40	5	79	231	290	284	38	483	271	39	461	796	11	21	19	1	16	21	4	10	22	0	7	3	25	2	1	2	33	0	10	5	4	6	2362	2772	2037	2648	2195	2244	8421	2260	8	1	2014-15	Regular
272	MIL	Milwaukee	Ice Dragons	82	60	17	5	125	330	198	270	64	427	262	38	436	718	9	33	7	1	27	10	4	22	6	3	5	5	49	0	0	3	13	3	8	4	2	12	3171	2512	2948	2692	2222	2192	9394	2358	1	5	2014-15	Regular
273	MGA	Mississauga	Indians	82	23	51	8	54	233	315	310	37	508	278	58	438	847	4	13	25	4	10	26	4	10	16	4	2	7	15	6	2	0	36	2	8	9	4	3	2260	2670	1927	2088	2174	2286	8058	2305	8	2	2014-15	Regular
274	MIS	Mississippi	Mudbugs	82	55	24	3	113	321	218	317	55	507	276	34	458	806	20	28	11	2	27	13	1	20	11	0	5	3	44	3	3	4	16	0	7	5	0	10	2917	2958	2793	2336	2300	2161	9188	2326	5	5	2014-15	Regular
275	OAK	Oakland	Assassins	82	57	20	5	119	316	188	252	48	401	315	44	536	996	6	31	7	3	26	13	2	21	8	3	5	2	42	3	2	5	14	2	10	3	1	12	3173	2320	2738	2511	2301	2094	9531	2428	6	11	2014-15	Regular
276	OKL	Oklahoma	Oil Barons	82	31	49	2	64	276	299	271	52	415	298	52	502	919	7	15	24	2	16	25	0	14	17	1	2	9	23	6	1	3	32	1	5	11	0	3	2698	3066	2919	2833	1998	2073	7468	2364	6	5	2014-15	Regular
277	SFC	S.F.	Fight. Cocks	82	33	48	1	67	238	259	274	38	446	289	44	476	842	3	16	24	1	17	24	0	16	16	0	2	3	26	2	0	2	40	0	5	6	1	7	2112	2839	1470	1645	1653	1945	6149	1906	12	3	2014-15	Regular
278	SEA	Seattle	Storm	82	34	45	3	71	238	285	285	30	467	341	66	544	1125	8	19	21	2	15	24	1	18	13	0	4	2	24	2	1	2	39	1	8	4	1	7	2569	2833	2464	2579	2042	2022	7686	2376	12	7	2014-15	Regular
279	SCS	S. Carolina	Stingrays	82	31	45	6	68	223	270	331	46	543	296	45	481	897	2	18	20	3	13	25	3	12	19	1	3	5	20	3	1	4	34	2	7	8	3	3	2538	2725	2921	2175	2193	2333	7839	2226	8	0	2014-15	Regular
280	WIT	Wichita	Wolfpack	82	42	33	7	91	287	232	319	57	519	247	36	401	742	8	23	14	4	19	19	3	14	15	3	5	2	31	2	2	4	21	2	7	10	3	6	2926	2466	1984	2195	2162	2064	9062	2381	2	6	2014-15	Regular
281	ABB	Abbotsford	Loggerheads	82	34	47	1	69	229	276	299	40	509	252	53	402	783	2	23	17	1	11	30	0	15	16	1	2	4	28	6	0	2	37	1	4	4	0	5	2993	2578	2290	2383	1733	1840	9171	2366	4	3	2015-16	Regular
282	CIN	Cincinnati	Cyclones	82	47	30	5	99	292	242	217	36	349	295	34	503	882	19	24	14	3	23	16	2	22	8	2	4	3	28	1	2	7	22	1	12	7	2	5	3055	2711	2665	2400	1755	1674	8615	2298	7	3	2015-16	Regular
283	GRE	Green Bay	Glory	82	28	50	4	60	196	259	294	38	497	281	52	471	848	4	16	24	1	12	26	3	8	22	2	3	4	20	9	2	1	34	0	7	7	2	4	2426	2672	2370	2344	1856	1804	7921	2331	9	4	2015-16	Regular
284	HAS	Halifax	Schooners	82	30	50	2	62	197	299	249	31	432	341	60	562	1033	5	19	21	1	11	29	1	12	18	2	6	0	18	4	0	5	36	0	7	10	2	4	2225	2075	3080	3083	1644	1690	7619	2217	3	3	2015-16	Regular
285	IND	Indianapolis	Goats	82	55	23	4	114	338	211	264	44	439	226	38	375	739	13	25	14	2	30	9	2	21	10	1	2	1	49	0	2	2	17	1	4	6	1	6	3299	2365	2944	2498	1901	1926	10068	2570	6	10	2015-16	Regular
286	KEL	Kelowna	Mountaineers	82	41	38	3	85	299	253	279	44	457	257	33	430	798	7	21	19	1	20	19	2	13	16	3	0	6	34	7	2	0	25	0	7	6	1	5	2396	2754	1539	1846	1707	1809	7638	2108	3	8	2015-16	Regular
287	LVD	Las Vegas	Desperado	82	61	18	3	125	358	171	274	60	431	230	29	386	711	11	31	8	2	30	10	1	18	12	2	1	2	48	2	2	3	12	1	10	4	0	18	3483	2288	2800	2087	1955	1659	9844	2264	5	10	2015-16	Regular
288	LSB	Lone Star	Brahmas	82	42	30	10	94	280	258	275	39	459	247	45	412	833	9	23	12	6	19	18	4	13	12	7	5	2	26	3	4	5	24	6	11	3	0	5	2949	3027	3228	3270	1936	1929	8932	2535	5	6	2015-16	Regular
289	LVL	Louisville	Lionhearts	82	15	60	7	37	137	307	255	26	436	288	60	469	883	1	8	29	4	7	31	3	7	23	2	3	4	11	3	2	0	51	2	4	6	3	3	1897	2885	2400	2598	1720	1788	7261	2324	3	3	2015-16	Regular
290	LOU	Louisiana	Voodoo	82	43	35	4	90	291	262	240	49	395	282	36	491	803	13	23	14	4	20	21	0	18	12	2	0	5	31	1	1	2	24	2	10	10	1	3	3039	3532	2501	2794	1795	1875	9244	2454	1	5	2015-16	Regular
291	MEM	Memphis	Hound Dogs	82	29	45	8	66	218	282	264	41	442	293	48	482	879	4	14	23	4	15	22	4	10	20	2	3	2	20	2	3	5	34	2	4	9	3	4	2306	2654	1830	2386	1758	1794	8138	2244	11	1	2015-16	Regular
292	MIL	Milwaukee	Ice Dragons	82	60	18	4	124	365	234	305	61	494	247	36	408	795	9	30	10	1	30	8	3	27	5	0	7	0	47	1	0	5	15	1	8	2	3	10	3838	2440	2938	2345	1839	1794	10258	2362	0	2	2015-16	Regular
293	MGA	Mississauga	Indians	82	48	25	9	105	290	212	271	56	420	300	38	507	1033	3	26	10	5	22	15	4	23	8	1	3	2	38	3	2	3	17	5	7	5	2	7	3314	2928	2734	2366	2036	2000	10307	2620	2	6	2015-16	Regular
294	OKL	Oklahoma	Oil Barons	82	39	38	5	83	239	260	247	35	413	259	48	419	808	5	21	17	3	18	21	2	15	15	2	2	1	32	3	2	4	34	3	3	1	0	5	2577	3066	2409	2556	1779	1814	8173	2360	11	4	2015-16	Regular
295	OAK	Oakland	Assassins	82	49	24	9	107	307	223	285	57	452	296	32	488	909	6	27	12	2	22	12	7	25	5	2	4	2	39	4	4	5	13	2	5	7	3	9	2912	2691	2609	2559	1913	1751	8901	2415	2	7	2015-16	Regular
296	SFC	San Fran.	Fight. Cocks	82	21	55	6	48	227	333	273	33	473	285	60	461	838	7	16	22	3	5	33	3	8	21	3	3	3	16	6	2	4	42	1	1	7	3	2	1996	3081	2000	2598	1487	1676	6881	2088	6	0	2015-16	Regular
297	SEA	Seattle	Storm	82	36	36	10	82	224	236	301	50	496	295	34	510	967	7	18	17	6	18	19	4	13	16	3	3	2	27	3	3	3	26	2	6	7	5	5	2404	2764	2475	2370	1675	1643	7488	2101	8	6	2015-16	Regular
298	STA	Staten Isl.	Killer Bees	82	20	57	5	45	203	323	307	40	517	280	63	435	789	11	13	26	2	7	31	3	7	24	1	1	8	13	5	1	4	44	1	3	8	3	3	2122	2814	2386	2672	1691	1786	7414	2232	6	2	2015-16	Regular
299	SCS	S. Carolina	Stingrays	82	19	60	3	41	180	328	298	50	502	238	48	385	698	2	14	25	2	5	35	1	8	23	1	2	4	10	4	0	4	47	2	5	9	1	2	2029	3315	2528	2509	1848	1865	7023	2396	1	3	2015-16	Regular
300	WIT	Wichita	Wolfpack	82	49	27	6	104	318	219	243	53	390	248	38	407	772	3	26	14	1	23	13	5	16	13	3	4	3	37	3	2	6	18	3	6	6	1	6	3432	2414	2386	2463	1749	1674	9438	2310	3	7	2015-16	Regular
301	ABB	Abbotsford	Loggerheads	14	7	7	0	14	35	36	46	4	79	49	3	89	153	0	3	4	0	4	3	0	0	0	0	2	1	4	0	0	1	5	0	2	2	0	3	469	378	483	341	339	335	1530	436	0	1	2013-14	Playoffs
303	GRE	Green Bay	Glory	6	2	4	0	4	15	18	26	5	38	23	8	40	62	1	0	3	0	2	1	0	2	4	0	0	2	1	1	0	1	1	0	0	2	0	2	133	194	190	161	132	139	525	171	0	0	2013-14	Playoffs
304	HAR	Hamilton	Rednecks	10	4	6	0	8	34	39	29	4	48	29	5	42	93	2	2	3	0	2	3	0	0	4	0	1	2	2	2	0	0	4	0	2	0	0	3	371	321	332	291	258	265	1060	328	0	0	2013-14	Playoffs
305	IND	Indianapolis	Mtn. Goats	6	2	4	0	4	25	28	17	3	26	12	3	20	32	0	1	2	0	1	2	0	0	0	0	1	1	2	0	0	0	2	0	0	2	0	1	165	242	164	225	151	155	567	155	0	1	2013-14	Playoffs
306	KEL	Kelowna	Mountaineers	11	4	7	0	8	34	54	31	7	50	32	9	53	98	0	1	4	0	3	3	0	0	4	0	1	1	3	1	0	0	5	0	1	1	0	2	322	435	277	393	293	316	1027	322	0	0	2013-14	Playoffs
307	LVD	Las Vegas	Desperado	14	8	6	0	16	44	42	50	3	82	49	5	90	165	2	5	3	0	3	3	0	4	1	0	1	1	5	1	0	0	3	0	3	2	0	5	507	480	485	413	367	328	1597	451	0	0	2013-14	Playoffs
308	LOU	Louisiana	Voodoo	5	1	4	0	2	17	24	16	0	29	20	6	30	50	2	1	1	0	0	3	0	0	0	0	1	0	1	0	0	0	4	0	0	0	0	1	147	182	160	146	94	120	535	161	0	0	2013-14	Playoffs
310	MEM	Memphis	Hound Dogs	7	3	4	0	6	24	24	22	5	39	20	6	32	57	0	1	3	0	2	1	0	0	0	0	1	1	1	0	0	1	3	0	1	1	0	4	251	218	249	183	200	206	849	186	0	0	2013-14	Playoffs
311	MIL	Milwaukee	Ice Dragons	4	0	4	0	0	13	25	8	2	12	11	3	16	33	0	0	2	0	0	2	0	0	0	0	0	0	0	1	0	0	2	0	0	1	0	0	118	160	122	133	113	104	383	131	0	0	2013-14	Playoffs
312	MIS	Mississippi	Mud Bugs	7	3	4	0	6	18	18	23	2	43	18	2	31	50	0	1	2	0	2	2	0	0	0	0	0	1	3	1	0	0	2	0	0	1	0	2	159	240	155	248	160	166	630	189	0	1	2013-14	Playoffs
313	OAK	Oakland	Assassins	18	13	5	0	26	71	51	60	12	100	61	4	107	190	1	6	3	0	7	2	0	4	0	0	2	2	9	1	0	2	2	0	2	2	0	11	639	593	540	532	420	422	1877	555	2	0	2013-14	Playoffs
315	SAL	Salem	Indians	5	1	4	0	2	11	20	22	2	39	21	2	32	62	1	0	2	0	1	2	0	0	0	0	1	0	0	0	0	1	3	0	0	1	0	1	147	181	139	163	129	135	488	142	2	0	2013-14	Playoffs
316	SFC	San Frncsco.	Ftng. Cocks	11	5	6	0	10	31	31	41	10	72	46	7	72	129	3	2	3	0	3	3	0	5	6	0	2	1	2	1	0	1	3	0	2	2	0	4	334	333	320	383	231	241	1077	295	0	0	2013-14	Playoffs
318	SCS	S. Carolina	Stingrays	5	1	4	0	2	11	22	21	1	39	19	5	33	53	0	0	2	0	1	2	0	0	0	0	0	1	0	0	0	0	4	0	1	0	0	1	124	155	152	157	126	117	450	148	0	0	2013-14	Playoffs
319	TOL	Toledo	Honey Bdgrs.	18	16	2	0	32	99	52	52	12	83	57	8	92	174	2	9	1	0	7	1	0	8	1	0	2	0	11	0	0	2	2	0	3	0	0	10	726	591	579	476	433	424	2135	502	0	1	2013-14	Playoffs
320	WIT	Wichita	Wolfpack	17	9	8	0	18	54	52	64	8	106	61	5	106	163	4	6	3	0	3	5	0	1	4	0	1	2	7	0	0	0	6	0	2	2	0	3	586	542	451	547	397	366	1917	524	1	1	2013-14	Playoffs
321	ABB	Abbotsford	Loggerheads	82	50	30	2	102	262	206	275	52	448	313	41	525	1004	8	26	15	0	24	15	2	21	11	0	11	5	35	1	0	7	20	1	8	9	1	7	2984	4093	2292	2130	2295	1971	9642	2555	6	11	2013-14	Regular
322	ATC	Atlntc. City	Aces	82	25	51	6	56	202	280	298	35	501	342	68	534	1091	4	13	24	4	12	27	2	10	19	3	2	11	14	6	1	3	36	3	8	9	2	3	2625	2567	2499	2862	2025	2035	9181	2554	5	3	2013-14	Regular
323	GRE	Green Bay	Glory	82	37	35	10	84	211	195	358	46	603	259	29	417	783	6	18	16	7	19	19	3	13	15	4	7	3	22	3	3	6	24	4	9	8	3	5	2055	2516	2260	2515	2041	2039	7374	2092	3	9	2013-14	Regular
324	HAR	Hamilton	Rednecks	82	41	36	5	87	236	253	299	46	484	285	37	482	935	7	20	18	3	21	18	2	18	12	2	7	6	25	6	2	6	22	1	10	8	2	9	2567	2521	2751	2349	1955	1942	8910	2390	6	6	2013-14	Regular
325	IND	Indianapolis	Mtn. Goats	82	37	38	7	81	279	270	298	60	476	299	59	500	827	0	21	18	2	16	20	5	14	14	3	2	8	26	7	3	3	23	3	8	8	1	6	2643	783	3176	3444	1889	2034	7737	2208	1	1	2013-14	Regular
326	KEL	Kelowna	Mountaineers	82	25	50	7	57	208	287	295	39	479	275	54	441	816	8	17	21	3	8	29	4	9	21	2	9	7	17	3	5	3	37	1	5	10	1	5	2412	4196	1916	2457	1956	1937	7693	2253	3	4	2013-14	Regular
327	LVD	Las Vegas	Desperado	82	49	29	4	102	287	249	302	56	511	270	53	444	845	7	24	16	1	25	13	3	19	10	3	7	7	34	3	1	3	17	2	12	9	1	6	2957	1157	3102	2485	2138	2235	9897	2638	0	2	2013-14	Regular
328	LOU	Louisiana	Voodoo	82	37	37	8	82	275	269	325	51	541	256	38	421	694	6	23	14	4	14	23	4	14	14	4	9	4	26	8	5	5	24	1	6	5	2	3	2730	2913	1850	1741	2238	2358	8961	2446	9	4	2013-14	Regular
329	LVL	Louisville	Lionhearts	82	14	63	5	33	152	292	286	29	481	293	55	462	811	2	8	30	3	6	33	2	7	22	3	0	5	10	1	3	1	51	2	3	11	0	2	2607	3027	2555	2336	1995	2122	8175	2533	8	6	2013-14	Regular
330	MEM	Memphis	Hound Dogs	82	58	18	6	122	307	196	267	48	441	272	37	461	768	11	33	6	2	25	12	4	22	8	2	9	4	38	1	2	6	13	3	14	4	1	9	3030	2756	2319	2360	2360	2427	10318	2503	4	3	2013-14	Regular
331	MIL	Milwaukee	Ice Dragons	82	31	41	10	72	240	267	296	46	480	304	54	488	875	7	15	19	7	16	22	3	13	15	4	2	6	18	5	2	3	30	3	10	6	5	6	2555	2174	2530	2385	2076	1940	8770	2385	4	4	2013-14	Regular
332	MIS	Mississippi	Mud Bugs	82	45	30	7	97	261	217	301	34	508	294	49	470	787	7	25	13	3	20	17	4	19	11	2	5	5	30	6	0	8	15	3	7	9	4	7	2227	2911	1663	1471	1658	1667	7224	1812	4	4	2013-14	Regular
333	OAK	Oakland	Assassins	82	47	28	7	101	248	178	268	45	430	295	34	506	938	3	26	12	3	21	16	4	22	9	1	4	5	33	4	3	4	15	1	10	9	3	5	2618	2357	3173	2599	2017	1932	8442	2258	7	4	2013-14	Regular
334	OKL	Oklhma. City	Oil Barons	82	19	59	4	42	218	341	284	42	455	310	53	514	995	10	11	28	2	8	31	2	4	26	2	3	7	13	3	1	3	43	1	3	13	2	3	2294	3127	2170	2864	1913	1980	7911	2478	6	2	2013-14	Regular
335	SAL	Salem	Indians	82	33	39	10	76	204	246	335	43	547	311	40	503	922	4	17	17	7	16	22	3	15	12	5	8	5	21	5	5	3	29	0	9	5	5	4	2050	2670	2622	2762	1603	1655	6150	2075	5	4	2013-14	Regular
336	SFC	San Frncsco.	Ftng. Cocks	82	40	35	7	87	260	252	313	49	534	271	46	446	753	15	23	13	5	17	22	2	14	15	3	8	1	27	2	0	5	27	2	8	6	5	7	3042	2634	3007	3067	2316	2395	10080	2924	4	5	2013-14	Regular
337	SEA	Seattle	Storm	82	18	56	8	44	209	315	267	41	425	372	62	591	1210	4	11	28	2	7	28	6	7	20	5	2	6	11	6	2	3	37	4	4	13	2	3	2456	2579	2149	2534	2033	2086	8419	2432	10	0	2013-14	Regular
338	SCS	S. Carolina	Stingrays	82	36	40	6	78	224	249	322	53	531	318	51	534	1008	10	21	18	2	15	22	4	11	17	3	5	5	23	7	0	3	27	3	10	6	3	5	2010	2570	2820	2512	2020	2096	7312	2363	3	2	2013-14	Regular
339	TOL	Toledo	Honey Bdgrs.	82	59	21	2	120	378	215	260	71	381	304	53	486	838	9	34	6	1	25	15	1	21	9	2	1	2	48	5	2	6	13	0	5	3	0	15	3598	2670	2980	2733	2123	2153	10760	2535	4	9	2013-14	Regular
340	WIT	Wichita	Wolfpack	82	56	21	5	117	347	231	290	65	454	296	46	485	904	12	33	6	2	23	15	3	18	11	3	3	2	43	4	0	5	11	2	8	6	3	15	2990	2554	2389	2602	2216	1938	9465	2536	1	8	2013-14	Regular
341	BRA	Brandon	Bandits	6	2	4	0	4	12	24	27	4	44	16	2	28	62	0	0	2	0	2	2	0	2	4	0	0	0	0	0	0	1	2	0	1	2	0	2	146	220	141	237	155	180	500	160	2	0	2011-12	Playoffs
342	CHA	Charlotte	Storm	4	0	4	0	0	9	17	11	3	19	12	2	19	32	0	0	2	0	0	2	0	0	0	0	0	2	0	0	0	0	3	0	0	1	0	0	100	148	121	104	124	148	354	99	1	0	2011-12	Playoffs
343	GRE	Green Bay	Glory	4	0	4	0	0	9	21	14	1	29	4	1	7	25	0	0	2	0	0	2	0	0	0	0	0	0	0	0	0	0	4	0	0	0	0	0	94	158	115	109	87	114	341	114	2	0	2011-12	Playoffs
344	HAL	Halifax	Conquerors	5	1	4	0	2	9	16	19	0	33	15	3	25	73	0	0	2	0	1	2	0	1	4	0	0	1	1	0	0	0	2	0	0	2	0	1	144	172	131	178	128	110	476	147	0	0	2011-12	Playoffs
345	IND	Indianapolis	Mtn. Goats	8	4	4	0	8	28	23	20	1	33	31	5	51	114	2	2	2	0	2	2	0	0	0	0	0	1	4	0	0	0	3	0	0	1	0	11	318	245	226	239	199	175	799	192	0	0	2011-12	Playoffs
346	LVD	Las Vegas	Desperado	24	15	9	0	30	88	69	62	8	115	81	12	143	259	3	7	6	0	8	3	0	8	3	0	2	0	12	0	0	1	8	0	2	1	0	11	853	755	782	647	650	770	2641	606	0	1	2011-12	Playoffs
347	LOU	Louisiana	Voodoo	23	16	7	0	32	93	61	63	12	106	72	11	118	233	0	7	5	0	9	2	0	8	2	0	2	0	11	1	0	1	5	0	4	1	0	6	772	762	750	670	641	645	2349	607	0	1	2011-12	Playoffs
349	MEM	Memphis	Hound Dogs	6	2	4	0	4	20	24	14	3	21	21	2	40	69	1	1	2	0	1	2	0	0	0	0	0	1	1	0	0	1	2	0	0	2	0	2	155	252	137	199	163	178	515	186	0	0	2011-12	Playoffs
350	MIL	Milwaukee	Ice Dragons	16	10	6	0	20	57	52	59	10	95	46	4	76	156	2	5	3	0	5	3	0	0	0	0	2	1	7	2	0	0	4	0	3	0	0	7	650	495	510	449	451	397	1959	506	1	1	2011-12	Playoffs
351	MGA	Mississauga	Indians	10	6	4	0	12	35	35	38	4	67	25	5	44	94	1	3	2	0	3	2	0	0	0	0	2	0	5	0	0	0	3	0	1	1	0	4	363	299	268	330	356	297	1064	286	0	1	2011-12	Playoffs
352	MIS	Mississippi	Mudbugs	17	11	6	0	22	60	39	61	10	107	42	3	81	193	2	5	4	0	6	2	0	7	5	0	0	2	9	1	0	0	5	0	2	0	0	4	530	541	532	428	557	453	1657	459	0	2	2011-12	Playoffs
353	OAK	Oakland	Assassins	9	4	5	0	8	28	33	23	5	35	33	7	55	101	1	2	2	0	2	3	0	0	4	0	0	1	3	0	0	1	4	0	0	1	0	4	262	314	275	254	240	215	765	243	1	1	2011-12	Playoffs
356	STS	Seattle	Surge	4	0	4	0	0	7	23	19	3	31	14	2	27	52	1	0	2	0	0	2	0	0	4	0	0	0	0	0	0	0	3	0	0	1	0	0	107	135	99	149	104	98	348	128	2	0	2011-12	Playoffs
357	SCS	S. Carolina	Stingrays	5	1	4	0	2	11	18	18	1	35	18	5	27	53	1	1	2	0	0	2	0	0	0	0	0	0	1	1	0	0	3	0	0	0	0	4	164	151	131	155	114	142	498	130	0	0	2011-12	Playoffs
358	TOL	Toledo	Hny. Badgers	5	1	4	0	2	12	21	16	2	28	19	3	32	75	0	0	2	0	1	2	0	1	4	0	0	0	1	0	0	0	3	0	0	1	0	1	128	186	98	194	148	174	419	139	1	0	2011-12	Playoffs
360	WIT	Wichita	Wolfpack	10	5	5	0	10	24	26	26	3	48	41	3	73	146	1	2	3	0	3	2	0	4	1	0	1	0	3	0	0	0	4	0	2	1	0	7	327	278	306	280	235	271	953	284	1	0	2011-12	Playoffs
361	CBR	Cape Breton	Royals	82	26	55	1	53	218	335	272	47	447	280	58	432	912	8	13	27	1	13	28	0	11	21	0	9	7	12	4	1	3	40	0	11	11	0	2	2299	554	2434	2580	2329	2332	8658	2254	3	1	2009-10	Regular
362	BRA	Brandon	Bandits	82	39	42	1	79	285	284	254	34	414	313	46	504	987	6	23	18	0	16	24	1	3	5	0	9	8	29	3	0	5	35	0	5	4	1	4	2918	2642	2310	2213	2397	2559	9830	2208	6	2	2009-10	Regular
363	CHA	Charlotte	Storm	82	39	40	3	81	274	282	327	58	496	283	37	464	920	2	24	17	0	15	23	3	13	11	0	3	5	30	5	2	2	24	0	7	11	1	6	2417	2881	2213	2548	2557	2588	9400	2371	3	3	2009-10	Regular
364	GRE	Green Bay	Glory	82	48	33	1	97	287	244	320	55	515	250	36	418	798	4	28	12	1	20	21	0	20	12	0	11	4	34	0	0	4	24	0	10	9	1	6	2966	3096	2556	2166	2610	2569	10667	2398	13	4	2009-10	Regular
365	HAL	Halifax	Conquerors	82	40	42	0	80	314	329	300	42	492	277	50	422	808	10	22	19	0	18	23	0	15	17	0	9	5	22	5	0	8	33	0	10	4	0	5	3204	2345	2722	2869	2632	2450	11087	2419	4	2	2009-10	Regular
366	IND	Indianapolis	Mountn Goats	82	38	42	2	78	300	327	270	49	428	275	47	445	884	6	19	21	1	19	21	1	12	12	0	6	10	27	1	1	6	32	1	5	9	0	6	2501	3169	2166	2245	2201	2100	7901	2020	8	2	2009-10	Regular
367	LVD	Las Vegas	Desperado	82	42	40	0	84	276	264	276	42	436	289	45	460	922	5	27	14	0	15	26	0	12	12	0	4	9	31	7	0	4	25	0	7	8	0	4	2586	1279	2548	2590	2717	2812	10653	2591	1	1	2009-10	Regular
368	LOU	Louisiana	Voodoo	82	29	51	2	60	243	289	291	44	463	313	52	507	1039	11	17	23	1	12	28	1	9	15	0	5	12	20	7	0	4	37	1	5	7	1	5	2584	2939	3040	2709	2343	2320	8584	2186	6	4	2009-10	Regular
369	MEM	Memphis	Hound Dogs	82	44	38	0	88	298	294	292	55	464	299	54	475	950	15	22	19	0	22	19	0	14	10	0	14	8	30	6	0	4	27	0	10	5	0	7	2974	3218	3013	2487	2724	2612	10603	2550	9	2	2009-10	Regular
370	MIL	Milwaukee	Ice Dragons	82	56	25	1	113	397	278	247	47	400	309	52	515	964	10	29	11	1	27	14	0	26	6	0	3	6	41	0	0	2	19	0	13	6	1	10	3732	3334	3174	2692	2749	2520	11366	2547	2	6	2009-10	Regular
371	MIS	Mississippi	Mud Bugs	82	46	35	1	93	298	278	307	53	492	284	53	434	891	4	27	13	1	19	22	0	10	14	0	7	4	32	4	0	6	26	0	8	5	1	6	2763	2902	2553	2451	2638	2604	9887	2369	4	3	2009-10	Regular
372	OAK	Oakland	Assassins	82	65	17	0	130	404	241	302	69	457	268	40	425	880	11	34	7	0	31	10	0	19	7	0	8	2	54	2	0	4	4	0	7	11	0	14	3229	4200	2547	2413	2462	2350	10980	2576	11	7	2009-10	Regular
373	OKL	Oklahoma	Oil Barons	82	26	53	3	55	247	333	290	50	444	275	45	416	869	9	15	25	1	11	28	2	8	16	0	4	9	19	8	1	3	37	1	4	8	1	3	2244	2983	1789	2568	2651	2807	9013	2555	6	2	2009-10	Regular
374	QUE	Quebec	Thunder Cats	82	19	63	0	38	274	406	313	46	484	311	71	478	870	9	12	29	0	7	34	0	8	24	0	3	11	14	7	0	2	41	0	3	15	0	3	2444	2412	2254	2679	2060	2212	9005	2180	6	0	2009-10	Regular
375	SAO	San Antonio	Outlaws	82	53	28	1	107	337	257	278	40	447	291	55	462	905	17	28	12	1	25	16	0	18	6	0	10	6	40	2	0	3	22	1	10	4	0	9	3056	2653	2552	2533	2731	2571	10222	2243	4	5	2009-10	Regular
376	SFC	San Fran.	Fight. Cocks	82	25	55	2	52	227	329	292	48	474	309	54	499	1004	9	14	25	2	11	30	0	8	17	1	2	4	18	5	0	4	42	1	3	8	1	5	2006	2464	2235	1961	1858	1982	7979	1933	9	2	2009-10	Regular
377	STS	Seattle	Surge	82	41	39	2	84	314	284	268	40	431	247	29	404	772	10	21	20	0	20	19	2	12	13	1	6	6	29	6	0	3	26	0	9	7	2	5	3014	2797	2524	2794	2704	2706	11066	2510	4	3	2009-10	Regular
378	VIC	Victoria	Vipers	82	52	30	0	104	326	265	280	43	467	306	48	491	886	5	25	16	0	27	14	0	13	13	0	6	3	37	1	0	6	25	0	9	4	0	8	2913	2627	2394	2179	2317	2455	10020	2161	8	4	2009-10	Regular
379	BRA	Brandon	Bandits	80	34	46	0	68	246	291	324	51	499	318	52	507	1027	7	19	21	0	15	25	0	6	2	0	6	8	28	9	0	1	33	0	5	4	0	4	2761	2742	2463	2510	2402	2597	9040	2203	3	2	2008-09	Regular
380	WAS	Washington	Whiskeyjacks	80	41	39	0	82	296	285	288	58	447	279	50	440	941	10	24	16	0	17	23	0	16	10	0	6	3	31	2	0	3	28	0	7	9	0	7	2730	2681	2378	2535	2382	2594	8887	2124	6	5	2008-09	Regular
381	CHA	Charlotte	Storm	80	51	29	0	102	367	252	330	69	490	321	40	509	1232	12	30	11	0	21	18	0	18	6	0	6	4	40	3	0	3	21	0	8	5	0	6	3065	2984	2995	2631	2403	2409	9645	2375	1	5	2008-09	Regular
382	CLE	Cleveland	Barons	81	22	59	0	44	191	323	283	26	473	414	76	666	1533	5	12	29	0	10	30	0	5	19	0	4	7	15	7	0	3	43	0	4	9	0	3	2072	3224	2003	2666	2075	2491	7926	1956	9	4	2008-09	Regular
383	GRE	Green Bay	Glory	81	42	39	0	84	240	232	322	51	516	295	34	469	849	1	22	19	0	20	20	0	11	19	0	5	8	30	8	0	3	26	0	9	5	0	7	1994	2556	1872	1983	2295	2367	8252	1977	6	5	2008-09	Regular
384	HAL	Halifax	Conquerors	80	53	27	0	106	343	270	284	43	456	289	47	457	1007	8	29	11	0	24	16	0	16	14	0	9	6	39	4	0	4	18	0	10	5	0	11	3193	2517	2538	2600	2705	2716	10677	2273	1	6	2008-09	Regular
385	HAM	Hamilton	Predators	80	44	36	0	88	279	258	293	50	466	307	33	513	1055	7	25	14	0	19	22	0	18	14	0	8	7	32	4	0	5	25	0	7	7	0	9	3245	2749	2787	2734	2480	2305	9188	2411	3	5	2008-09	Regular
386	OKL	Oklahoma	Oil Barons	81	36	45	0	72	258	303	338	52	544	306	54	477	1037	10	22	18	0	14	27	0	9	14	0	12	5	21	6	0	5	35	0	10	4	0	6	2811	2825	2411	2657	2493	2612	9659	2478	1	2	2008-09	Regular
387	MEM	Memphis	Hound-Dogs	80	33	47	0	66	247	315	298	48	486	304	63	482	955	10	21	19	0	12	28	0	13	10	0	7	5	20	2	0	9	36	0	4	9	0	5	2620	1629	2518	2380	2538	2462	8883	2268	4	0	2008-09	Regular
388	MIL	Milwaukee	Ice Dragons	80	27	53	0	54	235	293	291	37	474	348	57	557	1212	5	18	22	0	9	31	0	8	23	0	3	10	16	3	0	2	36	0	9	14	0	3	2109	2338	2026	2103	2439	2337	8056	2215	6	1	2008-09	Regular
389	MIS	Mississippi	MudBugs	80	42	38	0	84	310	258	292	47	455	339	45	553	1172	10	24	16	0	18	22	0	15	8	0	5	5	36	3	0	4	25	0	2	10	0	5	2806	2754	1988	2262	2353	2221	8535	1920	9	5	2008-09	Regular
390	OAK	Oakland	Assassins	80	58	22	0	116	326	199	387	72	616	262	29	416	876	9	33	7	0	25	15	0	14	9	0	5	7	43	1	0	8	14	0	7	7	0	7	3001	2303	2937	2424	3009	2634	10077	2556	3	7	2008-09	Regular
391	QUE	Quebec City	Thunder-Cats	80	64	16	0	128	348	191	317	65	479	302	40	476	1054	11	30	10	0	34	6	0	24	7	0	4	2	50	2	0	6	12	0	8	2	0	12	2976	2261	2835	1933	2662	2363	9813	2162	4	6	2008-09	Regular
392	SAO	San Antonio	Outlaws	79	46	33	0	92	281	251	304	40	496	273	45	423	929	15	26	14	0	20	19	0	10	12	0	12	11	31	5	0	4	17	0	11	11	0	6	2685	3744	2825	2362	2497	2456	9217	2233	8	5	2008-09	Regular
393	SDC	San Diego	Crush	81	35	46	0	70	267	303	308	40	492	345	58	536	1119	10	20	20	0	15	26	0	9	15	0	6	12	24	6	0	3	33	0	8	7	0	6	2707	2663	2397	2601	2560	2599	8698	2258	3	3	2008-09	Regular
394	STS	Seattle	Surge	80	41	39	0	82	252	257	342	45	558	253	38	408	854	4	25	15	0	16	24	0	16	8	0	12	6	28	4	0	5	28	0	8	7	0	9	2838	2282	2466	2484	2679	2547	10443	2457	4	4	2008-09	Regular
395	RDR	Red Deer	Rustlers	80	37	43	0	74	275	306	258	36	401	273	45	441	926	6	22	18	0	15	25	0	12	13	0	4	5	23	3	0	4	34	0	10	6	0	5	2724	2692	1928	2360	2098	2195	8096	2057	8	1	2008-09	Regular
396	VIC	Victoria	Vipers	81	16	65	0	32	130	304	300	21	506	331	53	524	1291	5	7	33	0	9	32	0	4	21	0	5	8	9	2	0	2	52	0	5	11	0	2	1534	3013	2183	2227	1960	2160	5763	1771	2	2	2008-09	Regular
397	CHA	Charlotte	Storm	82	37	31	14	88	296	284	425	63	643	440	76	662	1252	19	20	12	8	17	19	6	11	4	2	0	0	32	2	2	2	28	6	3	1	6	7	2898	2770	3103	2980	1728	1711	9423	2412	7	4	2005-06	Regular
398	CLE	Cleveland	Barons	82	52	14	16	120	383	247	394	91	566	456	71	706	1199	19	31	4	6	21	10	10	13	4	3	0	0	39	0	9	6	12	2	7	2	5	5	3662	2919	3212	3670	1659	1589	10322	2392	1	3	2005-06	Regular
399	GRE	GreenBay	Glory	82	42	26	14	98	384	303	452	85	660	437	67	644	1114	12	24	13	7	18	13	7	4	1	2	0	0	34	2	4	3	19	6	5	5	4	10	3399	2878	2856	2643	1710	1608	10325	2761	8	5	2005-06	Regular
400	HAL	Halifax	Conquerors	82	36	30	16	88	278	250	417	74	608	483	75	711	1280	10	19	16	5	17	14	11	13	11	7	0	0	27	6	1	0	21	11	9	3	4	4	3137	2719	2728	2389	1743	1652	10397	2473	5	3	2005-06	Regular
401	HAM	Hamilton	Predators	82	19	50	13	51	230	319	455	57	696	454	68	677	1138	10	11	23	10	8	27	3	1	19	2	0	0	13	3	4	3	36	5	3	11	4	2	2903	2930	2748	2438	1700	1733	9080	2501	8	1	2005-06	Regular
402	JAC	Jacksonville	Jokers	82	32	37	13	77	249	264	467	60	698	453	62	690	1160	13	15	21	6	17	16	7	10	6	1	0	0	27	2	4	2	30	4	3	5	5	6	2152	3104	1334	1530	1452	1564	7787	2141	7	4	2005-06	Regular
403	MIL	Milwaukee	IceDragons	82	32	43	7	71	252	320	505	67	774	417	70	632	1160	8	16	22	3	16	21	4	12	17	4	0	0	20	1	1	8	31	3	4	11	3	7	2062	2533	2173	2242	1515	1525	7455	2090	5	2	2005-06	Regular
404	MIS	Missippi	Mudbugs	82	45	29	8	98	337	292	453	89	670	477	75	713	1250	16	23	11	6	22	18	2	6	3	1	0	0	37	3	5	2	24	0	6	2	3	7	3133	3072	2287	2787	1612	1629	9643	2457	1	1	2005-06	Regular
405	OAO	Oakland	Oceanus	82	48	24	10	106	326	234	418	78	635	467	48	725	1291	10	20	14	6	28	10	4	18	5	2	0	0	38	5	3	1	15	4	9	4	3	12	3299	2888	2398	2253	2071	1943	9976	2657	8	6	2005-06	Regular
406	QUE	Quebec	Thundercats	82	48	23	11	107	285	202	455	82	663	382	52	586	991	9	30	6	7	18	17	4	11	4	4	0	0	39	2	5	1	14	4	8	7	2	6	2586	2583	2578	2371	1565	1557	8574	2261	6	7	2005-06	Regular
407	SAO	SanAntonio	Outlaws	82	15	57	10	40	261	425	470	66	717	503	127	714	1275	9	9	26	5	6	31	5	3	14	2	0	0	10	2	4	2	49	1	3	6	5	3	2662	3032	2502	2244	1630	1785	9030	2446	4	0	2005-06	Regular
408	STS	Seattle	Surge	82	37	38	7	81	328	343	423	73	634	393	69	599	988	16	22	17	1	15	21	6	9	11	1	0	0	28	4	2	5	27	4	4	7	1	6	2865	2971	2319	2524	1377	1470	8522	2092	9	1	2005-06	Regular
409	TAL	Tallahasse	Crimsontide	82	18	54	10	46	228	347	461	59	670	464	93	668	1246	11	11	21	7	7	33	3	2	16	2	0	0	14	2	4	1	41	4	3	11	2	2	2388	2301	2437	3048	1633	1664	8016	2248	4	2	2005-06	Regular
410	VIC	Victoria	Vipers	82	27	43	12	66	263	319	437	66	653	474	98	677	1164	19	18	18	4	9	25	8	3	10	3	0	0	16	4	8	3	32	1	8	7	3	3	2476	2776	2609	2817	1599	1537	8389	2029	2	3	2005-06	Regular
411	WAS	Washington	Whiskeyjacks	82	53	22	7	113	416	286	452	110	653	411	73	620	1058	13	30	8	2	23	14	5	18	6	2	0	0	43	3	1	4	17	5	6	2	1	4	3335	2778	3225	2821	1769	1761	10164	2658	5	1	2005-06	Regular
412	WIN	Winnipeg	Hellcats	82	24	44	14	62	227	308	477	65	726	450	72	642	1167	7	15	19	8	9	25	6	2	5	2	0	0	19	2	7	0	40	4	5	2	3	2	2424	2905	2685	2356	1612	1675	8631	2363	3	3	2005-06	Regular
413	BRA	Brandon	Bandits	4	0	4	0	0	7	15	12	3	15	23	3	40	75	0	0	2	0	0	2	0	0	0	0	0	1	0	0	0	0	2	0	0	2	0	0	156	137	122	154	128	127	484	127	0	0	2008-09	Playoffs
414	WAS	Washington	Whiskeyjacks	11	6	5	0	12	39	34	45	10	69	36	7	55	128	1	4	2	0	2	3	0	0	0	0	1	1	4	0	0	2	3	0	0	2	0	3	370	351	312	354	328	334	1280	274	1	0	2008-09	Playoffs
415	CHA	Charlotte	Storm	12	7	5	0	14	52	42	50	2	82	35	5	53	133	0	5	1	0	2	4	0	4	1	0	1	0	6	1	0	1	4	0	0	0	0	3	470	402	387	330	340	353	1519	348	0	0	2008-09	Playoffs
417	GRE	Green Bay	Glory	5	1	4	0	2	7	24	18	1	29	13	2	19	41	0	1	1	0	0	3	0	1	4	0	0	1	1	1	0	0	3	0	0	0	0	1	103	199	125	142	149	199	486	134	0	0	2008-09	Playoffs
418	HAL	Halifax	Conquerors	19	11	8	0	22	78	72	61	9	99	52	6	88	176	3	8	2	0	3	6	0	3	4	0	0	1	8	1	0	2	7	0	1	0	0	3	669	706	502	619	590	589	2213	500	2	0	2008-09	Playoffs
419	HAM	Hamilton	Predators	13	7	6	0	14	51	40	39	4	62	54	9	85	180	2	4	3	0	3	3	0	7	6	0	2	1	5	1	0	2	4	0	0	1	0	4	454	370	366	366	449	410	1346	318	0	2	2008-09	Playoffs
420	OKL	Oklahoma	Oil Barons	5	1	4	0	2	12	20	15	2	26	17	1	31	50	0	1	1	0	0	3	0	0	0	0	0	0	1	0	0	0	4	0	0	0	0	1	180	170	137	158	155	161	585	143	0	0	2008-09	Playoffs
421	MEM	Memphis	Hound-Dogs	6	2	4	0	4	20	29	33	4	55	31	9	46	86	2	1	2	0	1	2	0	2	4	0	0	0	2	0	0	0	4	0	0	0	0	1	184	197	212	196	184	191	615	187	1	0	2008-09	Playoffs
422	MIL	Milwaukee	Ice Dragons	5	1	4	0	2	9	16	14	1	24	18	2	27	60	1	1	1	0	0	3	0	1	4	0	0	1	1	0	0	0	2	0	0	2	0	1	105	183	115	161	150	164	488	127	1	0	2008-09	Playoffs
423	MIS	Mississippi	MudBugs	5	1	4	0	2	12	23	11	0	18	26	0	41	67	0	1	1	0	0	3	0	1	4	0	0	0	1	0	0	0	4	0	0	0	0	1	140	190	133	150	142	137	493	123	0	0	2008-09	Playoffs
424	OAK	Oakland	Assassins	17	10	7	0	20	70	51	61	15	97	76	7	131	219	3	6	3	0	4	4	0	6	6	0	0	0	9	0	0	1	6	0	0	1	0	4	566	486	529	536	564	533	1930	568	1	0	2008-09	Playoffs
425	QUE	Quebec City	Thunder-Cats	24	17	7	0	34	97	71	80	13	126	70	7	119	228	5	10	3	0	7	4	0	13	7	0	3	1	12	2	0	2	4	0	3	1	0	5	845	671	770	571	784	760	2819	612	1	0	2008-09	Playoffs
426	SAO	San Antonio	Outlaws	20	12	8	0	24	62	59	76	9	132	64	13	98	200	4	6	4	0	6	4	0	4	2	0	1	1	8	2	0	0	6	0	4	0	0	8	538	704	604	573	642	638	2086	551	2	1	2008-09	Playoffs
427	SDC	San Diego	Crush	5	1	4	0	2	13	21	19	2	28	20	4	31	78	1	1	1	0	0	3	0	0	0	0	1	1	0	2	0	0	2	0	1	0	0	1	186	176	171	154	146	151	581	132	0	0	2008-09	Playoffs
428	STS	Seattle	Surge	9	5	4	0	10	28	33	29	7	47	28	5	49	102	0	3	1	0	2	3	0	4	0	0	1	0	4	0	0	0	4	0	1	0	0	4	284	285	280	271	286	308	1176	288	0	0	2008-09	Playoffs
429	RDR	Red Deer	Rustlers	4	0	4	0	0	9	16	12	2	21	12	5	17	50	0	0	2	0	0	2	0	0	4	0	0	1	0	0	0	0	3	0	0	1	0	0	124	142	108	138	127	126	419	118	0	0	2008-09	Playoffs
431	CBR	Cape Breton	Royals	4	0	4	0	0	8	25	9	2	15	15	2	20	36	0	0	2	0	0	2	0	0	4	0	0	0	0	0	0	0	4	0	0	0	0	0	100	162	123	126	118	124	410	120	0	0	2009-10	Playoffs
432	BRA	Brandon	Bandits	11	6	5	0	12	30	36	29	1	52	37	6	61	127	0	3	2	0	3	3	0	2	4	0	3	0	5	0	0	1	5	0	0	0	0	4	403	304	326	310	325	324	1341	284	1	0	2009-10	Playoffs
433	CHA	Charlotte	Storm	13	6	7	0	12	48	55	47	7	74	51	13	69	162	0	5	2	0	1	5	0	2	4	0	0	0	5	0	0	0	5	0	1	2	0	3	448	395	380	499	455	445	1592	391	2	0	2009-10	Playoffs
434	GRE	Green Bay	Glory	6	2	4	0	4	16	21	25	1	42	17	3	30	68	0	2	1	0	0	3	0	0	0	0	1	1	1	0	0	1	2	0	0	2	0	1	210	133	184	165	192	205	757	164	0	0	2009-10	Playoffs
435	HAL	Halifax	Conquerors	7	3	4	0	6	27	28	27	6	37	25	4	43	118	0	2	1	0	1	3	0	0	0	0	0	0	1	0	0	0	4	0	2	0	0	3	218	250	257	220	229	251	800	172	2	0	2009-10	Playoffs
436	IND	Indianapolis	Mountn Goats	4	0	4	0	0	6	20	13	1	20	18	6	23	54	0	0	2	0	0	2	0	0	4	0	0	0	0	0	0	0	3	0	0	1	0	0	141	131	111	143	112	125	452	104	0	0	2009-10	Playoffs
437	LVD	Las Vegas	Desperado	12	5	7	0	10	36	37	34	4	54	39	5	64	141	0	3	2	0	2	5	0	4	3	0	0	1	4	1	0	1	5	0	0	1	0	3	315	432	369	346	358	385	1319	310	0	0	2009-10	Playoffs
438	LOU	Louisiana	Voodoo	11	5	6	0	10	33	39	48	9	72	52	6	74	148	1	4	1	0	1	5	0	0	0	0	1	2	2	2	0	0	4	0	3	0	0	3	246	412	313	356	361	360	1058	287	0	0	2009-10	Playoffs
439	MEM	Memphis	Hound Dogs	17	11	6	0	22	72	53	74	16	108	61	9	94	182	2	6	2	0	5	4	0	8	2	0	0	1	8	0	0	1	3	0	2	3	0	6	525	625	605	495	575	529	2002	474	1	0	2009-10	Playoffs
440	MIL	Milwaukee	Ice Dragons	21	16	5	0	32	94	57	86	13	129	86	13	135	287	3	10	2	0	6	3	0	4	0	0	3	0	10	1	0	2	2	0	4	2	0	6	856	611	672	658	649	644	2603	553	1	1	2009-10	Playoffs
441	MIS	Mississippi	Mud Bugs	7	3	4	0	6	18	26	21	3	34	18	3	28	73	0	2	2	0	1	2	0	3	4	0	1	0	1	1	0	1	3	0	1	0	0	2	240	187	196	232	216	194	862	236	2	0	2009-10	Playoffs
442	OAK	Oakland	Assassins	18	11	7	0	22	63	51	62	7	100	54	5	92	163	2	7	3	0	4	4	0	7	6	0	2	2	7	0	0	2	7	0	2	0	0	3	613	602	576	522	539	512	2277	548	1	1	2009-10	Playoffs
443	OKL	Oklahoma	Oil Barons	5	1	4	0	2	16	28	16	3	27	14	1	24	39	0	1	1	0	0	3	0	0	0	0	0	0	1	1	0	0	2	0	0	1	0	1	134	182	118	188	161	148	596	159	0	0	2009-10	Playoffs
445	SAO	San Antonio	Outlaws	5	1	4	0	2	15	17	15	3	25	13	1	23	48	0	1	2	0	0	2	0	0	0	0	0	1	1	1	0	0	3	0	0	0	0	1	141	177	130	154	148	157	540	147	0	0	2009-10	Playoffs
447	STS	Seattle	Surge	6	2	4	0	4	22	25	27	3	39	20	3	33	51	0	1	2	0	1	2	0	2	4	0	0	2	1	1	0	1	2	0	0	1	0	2	208	222	183	211	187	186	734	182	1	0	2009-10	Playoffs
448	VIC	Victoria	Vipers	23	13	10	0	26	79	65	74	9	124	87	9	139	255	1	8	3	0	5	7	0	8	5	0	2	3	11	3	0	1	4	0	1	3	0	4	841	808	760	678	670	722	2969	601	2	1	2009-10	Playoffs
450	CHA	Charlotte	Storm	5	1	4	0	2	6	13	18	1	31	28	0	48	89	0	1	1	0	0	3	0	0	0	0	0	0	1	0	0	0	4	0	0	0	0	1	125	161	144	148	133	162	435	140	0	0	2010-11	Playoffs
451	GRE	Green Bay	Glory	10	5	5	0	10	25	33	44	1	73	33	5	55	157	0	3	2	0	2	3	0	1	4	0	0	0	5	0	0	0	5	0	0	0	0	3	309	276	296	274	315	282	1071	266	0	2	2010-11	Playoffs
452	HAL	Halifax	Conquerors	14	8	6	0	16	64	39	48	4	87	37	3	68	113	1	6	2	0	2	4	0	0	4	0	1	3	8	0	0	0	2	0	0	4	0	7	602	419	455	376	439	396	1709	404	0	2	2010-11	Playoffs
453	IND	Indianapolis	Mtn. Goats	4	0	4	0	0	10	24	13	2	21	14	2	22	40	0	0	2	0	0	2	0	0	0	0	0	0	0	0	0	0	3	0	0	1	0	0	87	147	111	120	72	77	280	75	1	0	2010-11	Playoffs
454	LVD	Las Vegas	Desperado	19	11	8	0	22	65	54	69	11	104	72	10	111	202	2	6	3	0	5	5	0	7	7	0	1	2	8	1	0	2	5	0	1	2	0	3	707	645	582	509	471	479	2144	565	1	2	2010-11	Playoffs
455	LOU	Louisiana	Voodoo	5	1	4	0	2	12	24	14	2	23	18	7	28	63	0	1	1	0	0	3	0	0	0	0	0	0	0	1	0	0	3	0	1	0	0	1	158	201	104	175	125	157	548	135	0	0	2010-11	Playoffs
456	LVL	Louisville	Lionhearts	5	1	4	0	2	10	31	11	1	19	17	2	32	40	1	1	1	0	0	3	0	0	0	0	0	0	1	0	0	0	4	0	0	0	0	1	97	235	129	148	165	182	433	140	0	0	2010-11	Playoffs
457	MEM	Memphis	Hound Dogs	12	5	7	0	10	29	41	35	7	59	37	7	58	128	0	1	4	0	4	3	0	0	0	0	1	1	3	0	0	1	7	0	1	0	0	3	362	398	349	367	296	323	1278	363	2	2	2010-11	Playoffs
458	MIL	Milwaukee	Ice Dragons	7	3	4	0	6	19	17	23	5	34	22	5	34	61	0	0	4	0	3	0	0	0	0	0	0	0	3	1	0	0	3	0	0	0	0	2	198	0	203	210	175	169	713	200	0	0	2010-11	Playoffs
460	MIS	Mississippi	Mud Bugs	24	16	8	0	32	109	82	90	19	140	78	7	125	205	3	9	4	0	7	4	0	4	3	0	3	1	10	1	0	2	7	0	4	0	0	4	1031	798	788	700	706	634	3145	747	1	1	2010-11	Playoffs
461	OAK	Oakland	Assassins	11	6	5	0	12	43	37	38	8	58	33	7	50	98	0	4	2	0	2	3	0	0	0	0	0	1	5	1	0	1	3	0	0	1	0	3	368	415	369	286	298	317	1185	310	2	0	2010-11	Playoffs
463	SFC	San Fran.	Fight. Cocks	5	1	4	0	2	12	24	14	0	25	13	4	18	34	1	1	1	0	0	3	0	0	0	0	0	0	0	0	0	0	4	0	1	0	0	1	171	177	96	112	92	101	607	145	1	0	2010-11	Playoffs
464	STS	Seattle	Surge	6	2	4	0	4	17	32	22	2	41	25	4	45	68	1	2	1	0	0	3	0	0	0	0	0	0	2	0	0	0	2	0	0	2	0	2	189	274	168	218	133	171	637	196	3	0	2010-11	Playoffs
466	TOL	Toledo	Hny. Badgers	18	13	5	0	26	92	61	49	6	82	62	6	102	159	2	6	3	0	7	2	0	8	1	0	2	0	9	0	0	0	3	0	4	2	0	12	616	653	489	581	522	519	1867	482	0	0	2010-11	Playoffs
467	VIC	Victoria	Vipers	4	0	4	0	0	6	14	15	1	25	21	5	31	63	0	0	2	0	0	2	0	0	0	0	0	0	0	0	0	0	2	0	0	2	0	0	79	132	118	115	100	139	319	102	1	0	2010-11	Playoffs
468	WIT	Wichita	Wolf Pack	11	7	4	0	14	32	25	49	7	74	42	4	69	130	0	4	2	0	3	2	0	3	4	0	0	0	4	1	0	0	2	0	3	1	0	4	324	328	285	326	324	270	1134	324	0	0	2010-11	Playoffs